ID,Name,Sex,Age,Height,Weight,Team,NOC,Games,Year,Season,City,Sport,Event,Medal
105,Ilyas Abbadi,M,19,175,75,Algeria,ALG,2012 Summer,2012,Summer,London,Boxing,Boxing Men's Welterweight,
105,Ilyas Abbadi,M,23,175,75,Algeria,ALG,2016 Summer,2016,Summer,Rio de Janeiro,Boxing,Boxing Men's Middleweight,
239,Ayoub Abdellaoui,M,23,184,68,Algeria,ALG,2016 Summer,2016,Summer,Rio de Janeiro,Football,Football Men's Football,
247,El-Hachemi Abdenouz,M,24,170,63,Algeria,ALG,1980 Summer,1980,Summer,Moskva,Athletics,"Athletics Men's 5,000 metres",
248,Rda Abdenouz,M,19,170,63,Algeria,ALG,1988 Summer,1988,Summer,Seoul,Athletics,Athletics Men's 800 metres,
248,Rda Abdenouz,M,23,170,63,Algeria,ALG,1992 Summer,1992,Summer,Barcelona,Athletics,Athletics Men's 800 metres,
249,Mouni Abderrahim,F,22,173,60,Algeria,ALG,2008 Summer,2008,Summer,Beijing,Volleyball,Volleyball Women's Volleyball,
249,Mouni Abderrahim,F,26,173,60,Algeria,ALG,2012 Summer,2012,Summer,London,Volleyball,Volleyball Women's Volleyball,
381,Benaissa Abed,M,23,170,51,Algeria,ALG,1988 Summer,1988,Summer,Seoul,Boxing,Boxing Men's Flyweight,
425,Salim Abes,M,25,,,Algeria,ALG,1996 Summer,1996,Summer,Atlanta,Handball,Handball Men's Handball,
491,Kamel Aboud,M,22,178,67,Algeria,ALG,1984 Summer,1984,Summer,Los Angeles,Boxing,Boxing Men's Welterweight,
493,Rabah Aboud,M,31,180,64,Algeria,ALG,2012 Summer,2012,Summer,London,Athletics,"Athletics Men's 5,000 metres",
685,Dallal Merwa Achour,F,17,176,45,Algeria,ALG,2012 Summer,2012,Summer,London,Volleyball,Volleyball Women's Volleyball,
871,Berkane Lakhdar Adda,M,21,178,78,Algeria,ALG,1980 Summer,1980,Summer,Moskva,Judo,Judo Men's Half-Middleweight,
873,Mehdi Addadi,M,28,179,70,Algeria,ALG,2000 Summer,2000,Summer,Sydney,Swimming,Swimming Men's 100 metres Backstroke,
873,Mehdi Addadi,M,28,179,70,Algeria,ALG,2000 Summer,2000,Summer,Sydney,Swimming,Swimming Men's 100 metres Butterfly,
983,Sad Admane,M,,174,62,Algeria,ALG,1980 Summer,1980,Summer,Moskva,Wrestling,"Wrestling Men's Lightweight, Freestyle",
1152,Khoudir Aggoune,M,23,175,66,Algeria,ALG,2004 Summer,2004,Summer,Athina,Athletics,"Athletics Men's 5,000 metres",
1468,Mohamed Al-Aich,M,23,185,73,Algeria,ALG,2004 Summer,2004,Summer,Athina,Rowing,Rowing Men's Single Sculls,
1476,Mehdi Aidet,M,26,172,65,Algeria,ALG,1980 Summer,1980,Summer,Moskva,Athletics,Athletics Men's 800 metres,
1476,Mehdi Aidet,M,26,172,65,Algeria,ALG,1980 Summer,1980,Summer,Moskva,Athletics,"Athletics Men's 1,500 metres",
1476,Mehdi Aidet,M,30,172,65,Algeria,ALG,1984 Summer,1984,Summer,Los Angeles,Athletics,"Athletics Men's 1,500 metres",
1514,Tassadit Assou,F,19,184,80,Algeria,ALG,2008 Summer,2008,Summer,Beijing,Volleyball,Volleyball Women's Volleyball,
1514,Tassadit Assou,F,23,184,80,Algeria,ALG,2012 Summer,2012,Summer,London,Volleyball,Volleyball Women's Volleyball,
1516,Rachid Ait Atmane,M,23,190,76,Algeria,ALG,2016 Summer,2016,Summer,Rio de Janeiro,Football,Football Men's Football,
1518,Kamel Ait Daoud,M,23,180,70,Algeria,ALG,2008 Summer,2008,Summer,Beijing,Rowing,Rowing Men's Lightweight Double Sculls,
1523,Makhlouf Ait Hocine,M,21,182,79,Algeria,ALG,1988 Summer,1988,Summer,Seoul,Handball,Handball Men's Handball,
1527,Souad At Salem (-Mahour-Bacha),F,25,158,50,Algeria,ALG,2004 Summer,2004,Summer,Athina,Athletics,"Athletics Women's 5,000 metres",
1527,Souad At Salem (-Mahour-Bacha),F,25,158,50,Algeria,ALG,2004 Summer,2004,Summer,Athina,Athletics,"Athletics Women's 10,000 metres",
1527,Souad At Salem (-Mahour-Bacha),F,29,158,50,Algeria,ALG,2008 Summer,2008,Summer,Beijing,Athletics,Athletics Women's Marathon,
1527,Souad At Salem (-Mahour-Bacha),F,33,158,50,Algeria,ALG,2012 Summer,2012,Summer,London,Athletics,Athletics Women's Marathon,
1527,Souad At Salem (-Mahour-Bacha),F,37,158,50,Algeria,ALG,2016 Summer,2016,Summer,Rio de Janeiro,Athletics,Athletics Women's Marathon,
1570,Ali Akacha,M,26,185,80,Algeria,ALG,1980 Summer,1980,Summer,Moskva,Handball,Handball Men's Handball,
2712,Mohamed Sid Ali Djouadi,M,20,,,Algeria,ALG,1972 Summer,1972,Summer,Munich,Athletics,Athletics Men's 800 metres,
2788,Ikhlef Ahmed Hadj Allah,M,23,,,Algeria,ALG,1984 Summer,1984,Summer,Los Angeles,Boxing,Boxing Men's Light-Welterweight,
2794,Mohamed Allalou,M,22,174,63,Algeria,ALG,1996 Summer,1996,Summer,Atlanta,Boxing,Boxing Men's Light-Welterweight,
2794,Mohamed Allalou,M,26,174,63,Algeria,ALG,2000 Summer,2000,Summer,Sydney,Boxing,Boxing Men's Light-Welterweight,Bronze
3299,Mourad Sedegh Amara,M,21,,,Algeria,ALG,1980 Summer,1980,Summer,Moskva,Football,Football Men's Football,
3418,Mohamed Ameur,M,23,176,65,Algeria,ALG,2008 Summer,2008,Summer,Beijing,Athletics,Athletics Men's 20 kilometres Walk,
3534,Rafik Amrane,M,23,177,70,Algeria,ALG,2000 Summer,2000,Summer,Sydney,Rowing,Rowing Men's Single Sculls,
4661,Redouane Aouachria,M,26,,,Algeria,ALG,1996 Summer,1996,Summer,Atlanta,Handball,Handball Men's Handball,
4664,Moussa Aouanouk,M,28,173,62,Algeria,ALG,2000 Summer,2000,Summer,Sydney,Athletics,Athletics Men's 20 kilometres Walk,
4664,Moussa Aouanouk,M,32,173,62,Algeria,ALG,2004 Summer,2004,Summer,Athina,Athletics,Athletics Men's 20 kilometres Walk,
5673,Salah Assad,M,22,181,72,Algeria,ALG,1980 Summer,1980,Summer,Moskva,Football,Football Men's Football,
5689,Sonia Asselah,F,20,176,78,Algeria,ALG,2012 Summer,2012,Summer,London,Judo,Judo Women's Heavyweight,
5689,Sonia Asselah,F,24,176,78,Algeria,ALG,2016 Summer,2016,Summer,Rio de Janeiro,Judo,Judo Women's Heavyweight,
5695,Mehdi Assous,M,18,152,51,Algeria,ALG,1996 Summer,1996,Summer,Atlanta,Boxing,Boxing Men's Flyweight,
6362,Mohamed Azzaoui,M,24,182,91,Algeria,ALG,2000 Summer,2000,Summer,Sydney,Boxing,Boxing Men's Heavyweight,
6364,Omar Azzeb,M,20,182,85,Algeria,ALG,1980 Summer,1980,Summer,Moskva,Handball,Handball Men's Handball,
6364,Omar Azzeb,M,24,182,85,Algeria,ALG,1984 Summer,1984,Summer,Los Angeles,Handball,Handball Men's Handball,
6364,Omar Azzeb,M,28,182,85,Algeria,ALG,1988 Summer,1988,Summer,Seoul,Handball,Handball Men's Handball,
6369,Yasmina Azzizi (-Kettab),F,34,176,67,Algeria,ALG,2000 Summer,2000,Summer,Sydney,Athletics,Athletics Women's Heptathlon,
6372,Hassane Azzoun,M,28,188,100,Algeria,ALG,2008 Summer,2008,Summer,Beijing,Judo,Judo Men's Half-Heavyweight,
6373,Mohamed Azzedine Azzouzi,M,24,181,65,Algeria,ALG,1972 Summer,1972,Summer,Munich,Athletics,Athletics Men's 800 metres,
6373,Mohamed Azzedine Azzouzi,M,24,181,65,Algeria,ALG,1972 Summer,1972,Summer,Munich,Athletics,"Athletics Men's 1,500 metres",
6412,Lahcen Babaci,M,23,175,62,Algeria,ALG,1980 Summer,1980,Summer,Moskva,Athletics,"Athletics Men's 3,000 metres Steeplechase",
6781,Nasria Baghdad-Azadj,F,28,167,49,Algeria,ALG,2000 Summer,2000,Summer,Sydney,Athletics,"Athletics Women's 10,000 metres",
6781,Nasria Baghdad-Azadj,F,32,167,49,Algeria,ALG,2004 Summer,2004,Summer,Athina,Athletics,Athletics Women's Marathon,
6815,Mohamed Bahari,M,20,180,75,Algeria,ALG,1996 Summer,1996,Summer,Atlanta,Boxing,Boxing Men's Middleweight,Bronze
7051,Ali Bakhta,M,22,,,Algeria,ALG,1984 Summer,1984,Summer,Los Angeles,Athletics,Athletics Men's 200 metres,
7058,Abdel Atif Bakir,M,23,180,78,Algeria,ALG,1980 Summer,1980,Summer,Moskva,Handball,Handball Men's Handball,
8410,Azzedine Basbas,M,21,165,56,Algeria,ALG,1988 Summer,1988,Summer,Seoul,Weightlifting,Weightlifting Men's Bantamweight,
8410,Azzedine Basbas,M,25,165,56,Algeria,ALG,1992 Summer,1992,Summer,Barcelona,Weightlifting,Weightlifting Men's Featherweight,
8410,Azzedine Basbas,M,29,165,56,Algeria,ALG,1996 Summer,1996,Summer,Atlanta,Weightlifting,Weightlifting Men's Featherweight,
9377,Ben Ali Beghouach,M,21,186,89,Algeria,ALG,1988 Summer,1988,Summer,Seoul,Handball,Handball Men's Handball,
9377,Ben Ali Beghouach,M,29,186,89,Algeria,ALG,1996 Summer,1996,Summer,Atlanta,Handball,Handball Men's Handball,
9510,Noureddine Bekkouche,M,,,67,Algeria,ALG,1984 Summer,1984,Summer,Los Angeles,Weightlifting,Weightlifting Men's Featherweight,
9518,Boualem Bel Alouane,M,19,174,66,Algeria,ALG,1980 Summer,1980,Summer,Moskva,Boxing,Boxing Men's Light-Welterweight,
9519,Assa Bel Aout,M,23,170,63,Algeria,ALG,1992 Summer,1992,Summer,Barcelona,Athletics,"Athletics Men's 5,000 metres",
9519,Assa Bel Aout,M,27,170,63,Algeria,ALG,1996 Summer,1996,Summer,Atlanta,Athletics,"Athletics Men's 5,000 metres",
9526,Djaffar Bel Hocine,M,22,,,Algeria,ALG,1984 Summer,1984,Summer,Los Angeles,Handball,Handball Men's Handball,
9528,Ahmed Bel Kessam,M,22,175,72,Algeria,ALG,1984 Summer,1984,Summer,Los Angeles,Athletics,Athletics Men's 800 metres,
9528,Ahmed Bel Kessam,M,26,175,72,Algeria,ALG,1988 Summer,1988,Summer,Seoul,Athletics,Athletics Men's 800 metres,
9529,Hadj Bel Kheir,M,27,164,57,Algeria,ALG,2004 Summer,2004,Summer,Athina,Boxing,Boxing Men's Featherweight,
9531,Katia Belabbas,F,20,170,65,Algeria,ALG,2016 Summer,2016,Summer,Rio de Janeiro,Sailing,Sailing Women's Windsurfer,
9532,Mohamed Khaled Belabbas,M,31,178,70,Algeria,ALG,2012 Summer,2012,Summer,London,Athletics,"Athletics Men's 3,000 metres Steeplechase",
9588,Othmane Mustapha Belfaa,M,18,192,76,Algeria,ALG,1980 Summer,1980,Summer,Moskva,Athletics,Athletics Men's High Jump,
9589,Mohammed El-Amine Belferar,M,25,175,65,Algeria,ALG,2016 Summer,2016,Summer,Rio de Janeiro,Athletics,Athletics Men's 800 metres,
9593,Sami Belgroun,M,25,188,100,Algeria,ALG,2000 Summer,2000,Summer,Sydney,Judo,Judo Men's Half-Heavyweight,
9593,Sami Belgroun,M,29,188,100,Algeria,ALG,2004 Summer,2004,Summer,Athina,Judo,Judo Men's Half-Heavyweight,
9596,Sad Belhout,M,29,170,68,Algeria,ALG,2004 Summer,2004,Summer,Athina,Athletics,Athletics Men's Marathon,
9618,Haris Belkebla,M,22,178,70,Algeria,ALG,2016 Summer,2016,Summer,Rio de Janeiro,Football,Football Men's Football,
9662,Abderzak Bella,M,21,,,Algeria,ALG,1992 Summer,1992,Summer,Barcelona,Swimming,Swimming Men's 100 metres Breaststroke,
9662,Abderzak Bella,M,21,,,Algeria,ALG,1992 Summer,1992,Summer,Barcelona,Swimming,Swimming Men's 200 metres Breaststroke,
9735,Lakhdar Belloumi,M,21,175,68,Algeria,ALG,1980 Summer,1980,Summer,Moskva,Football,Football Men's Football,
9867,Djillali Ben Brahim,M,27,178,71,Algeria,ALG,1980 Summer,1980,Summer,Moskva,Judo,Judo Men's Lightweight,
9870,Reda Ben Chehima,M,26,175,75,Algeria,ALG,2004 Summer,2004,Summer,Athina,Fencing,"Fencing Men's Sabre, Individual",
9870,Reda Ben Chehima,M,26,175,75,Algeria,ALG,2004 Summer,2004,Summer,Athina,Fencing,"Fencing Men's Sabre, Team",
9876,Mazouz Ben Djedaa,M,24,,,Algeria,ALG,1992 Summer,1992,Summer,Barcelona,Wrestling,"Wrestling Men's Lightweight, Greco-Roman",
9877,Abdel Krim Ben Djemil,M,20,190,80,Algeria,ALG,1980 Summer,1980,Summer,Moskva,Handball,Handball Men's Handball,
9877,Abdel Krim Ben Djemil,M,24,190,80,Algeria,ALG,1984 Summer,1984,Summer,Los Angeles,Handball,Handball Men's Handball,
9882,Mohamed Ben Guesmia,M,19,181,75,Algeria,ALG,1992 Summer,1992,Summer,Barcelona,Boxing,Boxing Men's Light-Heavyweight,
9883,Mohamed Ryad Ben Haddad,M,25,,,Algeria,ALG,1984 Summer,1984,Summer,Los Angeles,Athletics,Athletics Men's 110 metres Hurdles,
9898,El-Tayeb El-Hadj Ben Khelfallah,M,22,,,Algeria,ALG,1992 Summer,1992,Summer,Barcelona,Volleyball,Volleyball Men's Volleyball,
9905,Abdel Salem Ben Magh Soula,M,23,178,74,Algeria,ALG,1984 Summer,1984,Summer,Los Angeles,Handball,Handball Men's Handball,
9905,Abdel Salem Ben Magh Soula,M,27,178,74,Algeria,ALG,1988 Summer,1988,Summer,Seoul,Handball,Handball Men's Handball,
9923,Taj Ben Saoula,M,25,179,70,Algeria,ALG,1980 Summer,1980,Summer,Moskva,Football,Football Men's Football,
9930,Meziane Ben Tahar,M,22,168,62,Algeria,ALG,2016 Summer,2016,Summer,Rio de Janeiro,Football,Football Men's Football,
9942,Raouf Benabid,M,19,178,82,Algeria,ALG,2004 Summer,2004,Summer,Athina,Swimming,Swimming Men's 200 metres Individual Medley,
9945,Tarek Aziz Benaissa,M,21,170,66,Algeria,ALG,2012 Summer,2012,Summer,London,Wrestling,"Wrestling Men's Lightweight, Greco-Roman",
9945,Tarek Aziz Benaissa,M,25,170,66,Algeria,ALG,2016 Summer,2016,Summer,Rio de Janeiro,Wrestling,"Wrestling Men's Welterweight, Greco-Roman",
9948,Abderrahmane Benamadi,M,31,183,90,Algeria,ALG,2016 Summer,2016,Summer,Rio de Janeiro,Judo,Judo Men's Middleweight,
9949,Mounir Benamadi,M,26,168,66,Algeria,ALG,2008 Summer,2008,Summer,Beijing,Judo,Judo Men's Half-Lightweight,
9951,Nafaa Benami,M,29,165,56,Algeria,ALG,2004 Summer,2004,Summer,Athina,Weightlifting,Weightlifting Men's Bantamweight,
9966,Reda Benbaziz,M,22,175,60,Algeria,ALG,2016 Summer,2016,Summer,Rio de Janeiro,Boxing,Boxing Men's Lightweight,
9968,Abdelhafid Benchabla,M,21,184,81,Algeria,ALG,2008 Summer,2008,Summer,Beijing,Boxing,Boxing Men's Light-Heavyweight,
9968,Abdelhafid Benchabla,M,25,184,81,Algeria,ALG,2012 Summer,2012,Summer,London,Boxing,Boxing Men's Light-Heavyweight,
9968,Abdelhafid Benchabla,M,29,184,81,Algeria,ALG,2016 Summer,2016,Summer,Rio de Janeiro,Boxing,Boxing Men's Light-Heavyweight,
9969,Samir Benchenaf,M,24,167,55,Algeria,ALG,2004 Summer,2004,Summer,Athina,Wrestling,"Wrestling Men's Featherweight, Greco-Roman",
9983,Mohamed Bendahmane,M,22,175,68,Algeria,ALG,1980 Summer,1980,Summer,Moskva,Swimming,Swimming Men's 4 x 200 metres Freestyle Relay,
9985,Sofiane Bendebka,M,23,170,65,Algeria,ALG,2016 Summer,2016,Summer,Rio de Janeiro,Football,Football Men's Football,
10092,Abdelraouf Benguit,M,20,170,65,Algeria,ALG,2016 Summer,2016,Summer,Rio de Janeiro,Football,Football Men's Football,
10096,Nassima Saleha Benhamouda ep Akouche,F,34,180,67,Algeria,ALG,2008 Summer,2008,Summer,Beijing,Volleyball,Volleyball Women's Volleyball,
10105,Amar Benikhlef,M,22,186,90,Algeria,ALG,2004 Summer,2004,Summer,Athina,Judo,Judo Men's Half-Middleweight,
10105,Amar Benikhlef,M,26,186,90,Algeria,ALG,2008 Summer,2008,Summer,Beijing,Judo,Judo Men's Middleweight,Silver
10130,Mohammed Benkablia,M,23,180,72,Algeria,ALG,2016 Summer,2016,Summer,Rio de Janeiro,Football,Football Men's Football,
10132,Mohamed Benkhemassa,M,23,175,60,Algeria,ALG,2016 Summer,2016,Summer,Rio de Janeiro,Football,Football Men's Football,
10146,Mustapha Bennacer,M,27,168,55,Algeria,ALG,2004 Summer,2004,Summer,Athina,Athletics,Athletics Men's Marathon,
10210,Zohra Bensalem,F,22,178,56,Algeria,ALG,2012 Summer,2012,Summer,London,Volleyball,Volleyball Women's Volleyball,
10215,Mourad Benslimani,M,26,178,64,Algeria,ALG,2000 Summer,2000,Summer,Sydney,Athletics,"Athletics Men's 3,000 metres Steeplechase",
10233,Hadia Bentaleb,F,27,167,52,Algeria,ALG,2008 Summer,2008,Summer,Beijing,Fencing,"Fencing Women's epee, Individual",
10254,Noureddine Maurice Bentoumi,M,33,176,70,Algeria,ALG,2006 Winter,2006,Winter,Torino,Cross Country Skiing,Cross Country Skiing Men's 50 kilometres,
10274,Rda Benzine,M,25,180,63,Algeria,ALG,1996 Summer,1996,Summer,Atlanta,Athletics,"Athletics Men's 5,000 metres",
10274,Rda Benzine,M,29,180,63,Algeria,ALG,2000 Summer,2000,Summer,Sydney,Athletics,"Athletics Men's 5,000 metres",
10275,Irbeh Sebti Benzine,M,24,,,Algeria,ALG,1988 Summer,1988,Summer,Seoul,Cycling,"Cycling Men's Road Race, Individual",
10490,Abdel Atif Bergheul,M,,,,Algeria,ALG,1980 Summer,1980,Summer,Moskva,Handball,Handball Men's Handball,
10669,Krimo Bernaoui,M,25,,,Algeria,ALG,1992 Summer,1992,Summer,Barcelona,Volleyball,Volleyball Men's Volleyball,
10670,Nassim Islam Al-Bernaoui,M,27,,,Algeria,ALG,2004 Summer,2004,Summer,Athina,Fencing,"Fencing Men's Sabre, Individual",
10670,Nassim Islam Al-Bernaoui,M,27,,,Algeria,ALG,2004 Summer,2004,Summer,Athina,Fencing,"Fencing Men's Sabre, Team",
10671,Raouf Salim Al-Bernaoui,M,20,175,73,Algeria,ALG,1996 Summer,1996,Summer,Atlanta,Fencing,"Fencing Men's Sabre, Individual",
10671,Raouf Salim Al-Bernaoui,M,28,175,73,Algeria,ALG,2004 Summer,2004,Summer,Athina,Fencing,"Fencing Men's Sabre, Individual",
10671,Raouf Salim Al-Bernaoui,M,28,175,73,Algeria,ALG,2004 Summer,2004,Summer,Athina,Fencing,"Fencing Men's Sabre, Team",
11002,Lad Bessou,M,24,180,63,Algeria,ALG,2000 Summer,2000,Summer,Sydney,Athletics,"Athletics Men's 3,000 metres Steeplechase",
11065,Amina Bettiche,F,28,165,55,Algeria,ALG,2016 Summer,2016,Summer,Rio de Janeiro,Athletics,"Athletics Women's 3,000 metres Steeplechase",
11321,Walid Bidani,M,18,185,125,Algeria,ALG,2012 Summer,2012,Summer,London,Weightlifting,Weightlifting Men's Heavyweight,
11321,Walid Bidani,M,22,185,125,Algeria,ALG,2016 Summer,2016,Summer,Rio de Janeiro,Weightlifting,Weightlifting Men's Super-Heavyweight,
11833,Abdelhakim Bitat,M,16,176,66,Algeria,ALG,1980 Summer,1980,Summer,Moskva,Swimming,Swimming Men's 4 x 200 metres Freestyle Relay,
12272,Hichem Blida,M,26,172,54,Algeria,ALG,2000 Summer,2000,Summer,Sydney,Boxing,Boxing Men's Bantamweight,
13895,Mohamed Bouaichaoui,M,21,178,120,Algeria,ALG,2000 Summer,2000,Summer,Sydney,Judo,Judo Men's Heavyweight,
13895,Mohamed Bouaichaoui,M,25,178,120,Algeria,ALG,2004 Summer,2004,Summer,Athina,Judo,Judo Men's Heavyweight,
13899,Abdel Djalil Bouanani,M,29,,,Algeria,ALG,1996 Summer,1996,Summer,Atlanta,Handball,Handball Men's Handball,
13900,Mahmoud Bouanik,M,21,194,87,Algeria,ALG,1988 Summer,1988,Summer,Seoul,Handball,Handball Men's Handball,
13900,Mahmoud Bouanik,M,29,194,87,Algeria,ALG,1996 Summer,1996,Summer,Atlanta,Handball,Handball Men's Handball,
13901,Chafik Bouaoud,M,17,177,74,Algeria,ALG,2016 Summer,2016,Summer,Rio de Janeiro,Shooting,"Shooting Men's Air Rifle, 10 metres",
13915,Leila Boucetta,F,17,160,50,Algeria,ALG,2004 Summer,2004,Summer,Athina,Table Tennis,Table Tennis Women's Singles,
13918,Oarda Bouchabou,F,18,,,Algeria,ALG,1988 Summer,1988,Summer,Seoul,Tennis,Tennis Women's Singles,
13932,Salah Bouchekriou,M,26,179,81,Algeria,ALG,1988 Summer,1988,Summer,Seoul,Handball,Handball Men's Handball,
13947,Hicham Bouchicha,M,27,182,64,Algeria,ALG,2016 Summer,2016,Summer,Rio de Janeiro,Athletics,"Athletics Men's 3,000 metres Steeplechase",
13948,Mohamed Bouchiche,M,22,178,81,Algeria,ALG,1984 Summer,1984,Summer,Los Angeles,Boxing,Boxing Men's Heavyweight,
13971,Sid Ali Boudina,M,26,178,73,Algeria,ALG,2016 Summer,2016,Summer,Rio de Janeiro,Rowing,Rowing Men's Single Sculls,
13972,Mohamed Boudjadja,M,20,175,68,Algeria,ALG,2004 Summer,2004,Summer,Athina,Table Tennis,Table Tennis Men's Singles,
13972,Mohamed Boudjadja,M,20,175,68,Algeria,ALG,2004 Summer,2004,Summer,Athina,Table Tennis,Table Tennis Men's Doubles,
13973,Adem Boudjemline,M,22,180,85,Algeria,ALG,2016 Summer,2016,Summer,Rio de Janeiro,Wrestling,"Wrestling Men's Light-Heavyweight, Greco-Roman",
13985,Farah Boufadene,F,17,155,55,Algeria,ALG,2016 Summer,2016,Summer,Rio de Janeiro,Gymnastics,Gymnastics Women's Individual All-Around,
13985,Farah Boufadene,F,17,155,55,Algeria,ALG,2016 Summer,2016,Summer,Rio de Janeiro,Gymnastics,Gymnastics Women's Floor Exercise,
13985,Farah Boufadene,F,17,155,55,Algeria,ALG,2016 Summer,2016,Summer,Rio de Janeiro,Gymnastics,Gymnastics Women's Uneven Bars,
13985,Farah Boufadene,F,17,155,55,Algeria,ALG,2016 Summer,2016,Summer,Rio de Janeiro,Gymnastics,Gymnastics Women's Balance Beam,
13997,Samir Bouguerra,M,26,176,96,Algeria,ALG,2008 Summer,2008,Summer,Beijing,Wrestling,"Wrestling Men's Heavyweight, Greco-Roman",
13998,Youssef Bouguerra,M,22,174,74,Algeria,ALG,1992 Summer,1992,Summer,Barcelona,Wrestling,"Wrestling Men's Welterweight, Greco-Roman",
13998,Youssef Bouguerra,M,26,174,74,Algeria,ALG,1996 Summer,1996,Summer,Atlanta,Wrestling,"Wrestling Men's Welterweight, Greco-Roman",
14003,Abdelhak Bouhalissa,M,27,174,74,Algeria,ALG,1988 Summer,1988,Summer,Seoul,Handball,Handball Men's Handball,
14004,Mohamed Bouhalla,M,25,170,65,Algeria,ALG,1988 Summer,1988,Summer,Seoul,Athletics,Athletics Men's 20 kilometres Walk,
14012,Nacera Boukamoum,F,20,,,Algeria,ALG,1992 Winter,1992,Winter,Albertville,Alpine Skiing,Alpine Skiing Women's Super G,
14012,Nacera Boukamoum,F,20,,,Algeria,ALG,1992 Winter,1992,Winter,Albertville,Alpine Skiing,Alpine Skiing Women's Giant Slalom,
14013,Tarek Boukensa,M,22,178,62,Algeria,ALG,2004 Summer,2004,Summer,Athina,Athletics,"Athletics Men's 1,500 metres",
14013,Tarek Boukensa,M,26,178,62,Algeria,ALG,2008 Summer,2008,Summer,Beijing,Athletics,"Athletics Men's 1,500 metres",
14014,Safia Boukhima,F,17,176,64,Algeria,ALG,2008 Summer,2008,Summer,Beijing,Volleyball,Volleyball Women's Volleyball,
14014,Safia Boukhima,F,21,176,64,Algeria,ALG,2012 Summer,2012,Summer,London,Volleyball,Volleyball Women's Volleyball,
14020,Kamal Boulahfane,M,24,185,72,Algeria,ALG,2000 Summer,2000,Summer,Sydney,Athletics,"Athletics Men's 1,500 metres",
14020,Kamal Boulahfane,M,28,185,72,Algeria,ALG,2004 Summer,2004,Summer,Athina,Athletics,"Athletics Men's 1,500 metres",
14020,Kamal Boulahfane,M,32,185,72,Algeria,ALG,2008 Summer,2008,Summer,Beijing,Athletics,"Athletics Men's 1,500 metres",
14036,Abdel Aziz Boulehia,M,25,170,54,Algeria,ALG,1996 Summer,1996,Summer,Atlanta,Boxing,Boxing Men's Bantamweight,
14046,Hassiba Boulmerka,F,20,158,49,Algeria,ALG,1988 Summer,1988,Summer,Seoul,Athletics,Athletics Women's 800 metres,
14046,Hassiba Boulmerka,F,20,158,49,Algeria,ALG,1988 Summer,1988,Summer,Seoul,Athletics,"Athletics Women's 1,500 metres",
14046,Hassiba Boulmerka,F,24,158,49,Algeria,ALG,1992 Summer,1992,Summer,Barcelona,Athletics,"Athletics Women's 1,500 metres",Gold
14046,Hassiba Boulmerka,F,28,158,49,Algeria,ALG,1996 Summer,1996,Summer,Atlanta,Athletics,"Athletics Women's 1,500 metres",
14050,Chouaib Bouloudinats,M,25,183,91,Algeria,ALG,2012 Summer,2012,Summer,London,Boxing,Boxing Men's Heavyweight,
14050,Chouaib Bouloudinats,M,29,183,91,Algeria,ALG,2016 Summer,2016,Summer,Rio de Janeiro,Boxing,Boxing Men's Heavyweight,
14068,Lad Bouneb,M,19,160,48,Algeria,ALG,1992 Summer,1992,Summer,Barcelona,Boxing,Boxing Men's Light-Welterweight,
14069,Baghdad Bounedjah,M,24,189,75,Algeria,ALG,2016 Summer,2016,Summer,Rio de Janeiro,Football,Football Men's Football,
14072,Abdel Razzak Bounour,M,27,176,60,Algeria,ALG,1984 Summer,1984,Summer,Los Angeles,Athletics,"Athletics Men's 5,000 metres",
14082,Ali Bourai,M,23,170,70,Algeria,ALG,2000 Summer,2000,Summer,Sydney,Trampolining,Trampolining Men's Individual,
14086,Hamza Bouras,M,28,170,73,Algeria,ALG,2016 Summer,2016,Summer,Rio de Janeiro,Sailing,Sailing Men's Windsurfer,
14102,Brahim Bourdrali,M,21,186,79,Algeria,ALG,1984 Summer,1984,Summer,Los Angeles,Handball,Handball Men's Handball,
14102,Brahim Bourdrali,M,25,186,79,Algeria,ALG,1988 Summer,1988,Summer,Seoul,Handball,Handball Men's Handball,
14119,Mohamed Abdeldjalil Bourguieg,M,19,164,50,Algeria,ALG,2016 Summer,2016,Summer,Rio de Janeiro,Gymnastics,Gymnastics Men's Individual All-Around,
14119,Mohamed Abdeldjalil Bourguieg,M,19,164,50,Algeria,ALG,2016 Summer,2016,Summer,Rio de Janeiro,Gymnastics,Gymnastics Men's Floor Exercise,
14119,Mohamed Abdeldjalil Bourguieg,M,19,164,50,Algeria,ALG,2016 Summer,2016,Summer,Rio de Janeiro,Gymnastics,Gymnastics Men's Parallel Bars,
14119,Mohamed Abdeldjalil Bourguieg,M,19,164,50,Algeria,ALG,2016 Summer,2016,Summer,Rio de Janeiro,Gymnastics,Gymnastics Men's Horizontal Bar,
14119,Mohamed Abdeldjalil Bourguieg,M,19,164,50,Algeria,ALG,2016 Summer,2016,Summer,Rio de Janeiro,Gymnastics,Gymnastics Men's Rings,
14119,Mohamed Abdeldjalil Bourguieg,M,19,164,50,Algeria,ALG,2016 Summer,2016,Summer,Rio de Janeiro,Gymnastics,Gymnastics Men's Pommelled Horse,
14123,Celia Bourihane,F,17,177,60,Algeria,ALG,2012 Summer,2012,Summer,London,Volleyball,Volleyball Women's Volleyball,
14143,Larbi Bourrada,M,28,188,88,Algeria,ALG,2016 Summer,2016,Summer,Rio de Janeiro,Athletics,Athletics Men's Decathlon,
14160,Bahia Boussad,F,21,146,48,Algeria,ALG,2000 Summer,2000,Summer,Sydney,Athletics,Athletics Women's 20 kilometres Walk,
14163,Mourad Boussebt,M,24,181,77,Algeria,ALG,1984 Summer,1984,Summer,Los Angeles,Handball,Handball Men's Handball,
14163,Mourad Boussebt,M,28,181,77,Algeria,ALG,1988 Summer,1988,Summer,Seoul,Handball,Handball Men's Handball,
14212,Lyes Bouyacoub,M,33,185,100,Algeria,ALG,2016 Summer,2016,Summer,Rio de Janeiro,Judo,Judo Men's Half-Heavyweight,
14218,Fouad Bouzenada,M,19,,67,Algeria,ALG,1996 Summer,1996,Summer,Atlanta,Weightlifting,Weightlifting Men's Featherweight,
14219,Azzedine Bouzerar,M,27,180,78,Algeria,ALG,1980 Summer,1980,Summer,Moskva,Handball,Handball Men's Handball,
14220,Malik Bouziane,M,26,170,54,Algeria,ALG,2004 Summer,2004,Summer,Athina,Boxing,Boxing Men's Bantamweight,
14221,Mohamed Bouziane,M,25,187,87,Algeria,ALG,1996 Summer,1996,Summer,Atlanta,Handball,Handball Men's Handball,
14551,Samir Brahimi,M,22,170,,Algeria,ALG,2012 Summer,2012,Summer,London,Boxing,Boxing Men's Flyweight,
14554,Azzedine Brahmi,M,22,178,72,Algeria,ALG,1988 Summer,1988,Summer,Seoul,Athletics,"Athletics Men's 3,000 metres Steeplechase",
14554,Azzedine Brahmi,M,25,178,72,Algeria,ALG,1992 Summer,1992,Summer,Barcelona,Athletics,"Athletics Men's 3,000 metres Steeplechase",
19508,Farid Chaal,M,22,196,80,Algeria,ALG,2016 Summer,2016,Summer,Rio de Janeiro,Football,Football Men's Football,
19514,Hichem Chabane,M,19,184,70,Algeria,ALG,2008 Summer,2008,Summer,Beijing,Cycling,"Cycling Men's Road Race, Individual",
19536,Abdelkader Chadi,M,21,175,60,Algeria,ALG,2008 Summer,2008,Summer,Beijing,Boxing,Boxing Men's Featherweight,
19536,Abdelkader Chadi,M,25,175,60,Algeria,ALG,2012 Summer,2012,Summer,London,Boxing,Boxing Men's Lightweight,
19536,Abdelkader Chadi,M,29,175,60,Algeria,ALG,2016 Summer,2016,Summer,Rio de Janeiro,Boxing,Boxing Men's Light-Welterweight,
20443,Imne Ouneissa Cherif Sahraoui,F,20,165,64,Algeria,ALG,2016 Summer,2016,Summer,Rio de Janeiro,Sailing,Sailing Women's One Person Dinghy,
20444,Lyes Cherifi,M,28,,,Algeria,ALG,1996 Summer,1996,Summer,Atlanta,Judo,Judo Men's Half-Middleweight,
20662,Riad Chibani,M,24,176,86,Algeria,ALG,1988 Summer,1988,Summer,Seoul,Judo,Judo Men's Middleweight,
24828,Sabria Dahane,F,19,161,60,Algeria,ALG,2004 Summer,2004,Summer,Athina,Swimming,Swimming Women's 400 metres Individual Medley,
24899,Kenza Tifahi Dahmani,F,35,164,54,Algeria,ALG,2016 Summer,2016,Summer,Rio de Janeiro,Athletics,Athletics Women's Marathon,
24900,Meziane Dahmani,M,23,172,69,Algeria,ALG,1988 Summer,1988,Summer,Seoul,Judo,Judo Men's Half-Lightweight,
24900,Meziane Dahmani,M,27,172,69,Algeria,ALG,1992 Summer,1992,Summer,Barcelona,Judo,Judo Men's Lightweight,
24917,Sofiane Daid,M,21,183,78,Algeria,ALG,2004 Summer,2004,Summer,Athina,Swimming,Swimming Men's 100 metres Breaststroke,
24917,Sofiane Daid,M,21,183,78,Algeria,ALG,2004 Summer,2004,Summer,Athina,Swimming,Swimming Men's 200 metres Breaststroke,
24917,Sofiane Daid,M,25,183,78,Algeria,ALG,2008 Summer,2008,Summer,Beijing,Swimming,Swimming Men's 100 metres Breaststroke,
24917,Sofiane Daid,M,25,183,78,Algeria,ALG,2008 Summer,2008,Summer,Beijing,Swimming,Swimming Men's 200 metres Breaststroke,
24918,Abderrahmane Daidj,M,27,181,72,Algeria,ALG,2004 Summer,2004,Summer,Athina,Fencing,"Fencing Men's epee, Individual",
25329,Amar Daoud,M,28,193,90,Algeria,ALG,1996 Summer,1996,Summer,Atlanta,Handball,Handball Men's Handball,
25364,Oussama Darfalou,M,22,187,75,Algeria,ALG,2016 Summer,2016,Summer,Rio de Janeiro,Football,Football Men's Football,
27503,Abdelghani Demmou,M,27,185,75,Algeria,ALG,2016 Summer,2016,Summer,Rio de Janeiro,Football,Football Men's Football,
27739,Abderrahmane Derouaz,M,24,180,72,Algeria,ALG,1980 Summer,1980,Summer,Moskva,Football,Football Men's Football,
28497,Ali Dif,M,23,,,Algeria,ALG,1992 Summer,1992,Summer,Barcelona,Volleyball,Volleyball Men's Volleyball,
28646,Ahmed Dine (Jindiyeh-),M,23,178,75,Algeria,ALG,1988 Summer,1988,Summer,Seoul,Boxing,Boxing Men's Middleweight,
28646,Ahmed Dine (Jindiyeh-),M,27,178,75,Algeria,ALG,1992 Summer,1992,Summer,Barcelona,Boxing,Boxing Men's Middleweight,
28851,Yassine Djakrir,M,26,169,63,Algeria,ALG,2000 Summer,2000,Summer,Sydney,Wrestling,"Wrestling Men's Lightweight, Greco-Roman",
28859,Abdel Hakim Djaziri,M,23,174,60,Algeria,ALG,2004 Summer,2004,Summer,Athina,Table Tennis,Table Tennis Men's Doubles,
28861,Ahcen Djeffal,M,27,173,88,Algeria,ALG,1980 Summer,1980,Summer,Moskva,Handball,Handball Men's Handball,
28861,Ahcen Djeffal,M,35,173,88,Algeria,ALG,1988 Summer,1988,Summer,Seoul,Handball,Handball Men's Handball,
28950,Mustapha Doballah,M,25,,,Algeria,ALG,1984 Summer,1984,Summer,Los Angeles,Handball,Handball Men's Handball,
29717,Christelle Laura Douibi,F,20,169,59,Algeria,ALG,2006 Winter,2006,Winter,Torino,Alpine Skiing,Alpine Skiing Women's Downhill,
29717,Christelle Laura Douibi,F,20,169,59,Algeria,ALG,2006 Winter,2006,Winter,Torino,Alpine Skiing,Alpine Skiing Women's Super G,
29926,Abu Sofiane Draouci,M,24,180,76,Algeria,ALG,1984 Summer,1984,Summer,Los Angeles,Handball,Handball Men's Handball,
29926,Abu Sofiane Draouci,M,28,180,76,Algeria,ALG,1988 Summer,1988,Summer,Seoul,Handball,Handball Men's Handball,
29927,Zakaria Draoui,M,22,160,60,Algeria,ALG,2016 Summer,2016,Summer,Rio de Janeiro,Football,Football Men's Football,
30029,Chaouki Dries,M,27,182,70,Algeria,ALG,2008 Summer,2008,Summer,Beijing,Rowing,Rowing Men's Single Sculls,
31929,Sofiane El-Azizi,M,25,174,70,Algeria,ALG,2004 Summer,2004,Summer,Athina,Fencing,"Fencing Men's Foil, Individual",
32071,Karim El-Mahouab,M,29,,,Algeria,ALG,1996 Summer,1996,Summer,Atlanta,Handball,Handball Men's Handball,
32195,Mokdad El-Yamine,M,26,162,57,Algeria,ALG,2012 Summer,2012,Summer,London,Taekwondo,Taekwondo Men's Flyweight,
34042,Ahmed Farfar,M,27,188,80,Algeria,ALG,1980 Summer,1980,Summer,Moskva,Handball,Handball Men's Handball,
34682,Ali Fergani,M,27,175,78,Algeria,ALG,1980 Summer,1980,Summer,Moskva,Football,Football Men's Football,
34684,Abdel Wahab Ferguene,M,25,170,65,Algeria,ALG,1984 Summer,1984,Summer,Los Angeles,Athletics,Athletics Men's 20 kilometres Walk,
34684,Abdel Wahab Ferguene,M,29,170,65,Algeria,ALG,1988 Summer,1988,Summer,Seoul,Athletics,Athletics Men's 20 kilometres Walk,
34712,Houari Ferhani,M,23,168,60,Algeria,ALG,2016 Summer,2016,Summer,Rio de Janeiro,Football,Football Men's Football,
35282,Al-Tayeb Filali,M,33,172,55,Algeria,ALG,2012 Summer,2012,Summer,London,Athletics,Athletics Men's Marathon,
35362,Nasserredine Fillali,M,20,170,64,Algeria,ALG,2004 Summer,2004,Summer,Athina,Boxing,Boxing Men's Light-Welterweight,
35855,Mohamed Flissi,M,22,162,49,Algeria,ALG,2012 Summer,2012,Summer,London,Boxing,Boxing Men's Light-Flyweight,
35855,Mohamed Flissi,M,26,162,49,Algeria,ALG,2016 Summer,2016,Summer,Rio de Janeiro,Boxing,Boxing Men's Flyweight,
38242,Zahra Gamir,F,34,168,55,Algeria,ALG,2000 Summer,2000,Summer,Sydney,Fencing,"Fencing Women's epee, Individual",
38242,Zahra Gamir,F,38,168,55,Algeria,ALG,2004 Summer,2004,Summer,Athina,Fencing,"Fencing Women's epee, Individual",
38806,Mohamed Ryad Garidi,M,30,178,72,Algeria,ALG,2008 Summer,2008,Summer,Beijing,Rowing,Rowing Men's Lightweight Double Sculls,
39948,Faycal Gharzouli,M,22,,,Algeria,ALG,1992 Summer,1992,Summer,Barcelona,Volleyball,Volleyball Men's Volleyball,
39998,Rabah Gherbi,M,25,,,Algeria,ALG,1996 Summer,1996,Summer,Atlanta,Handball,Handball Men's Handball,
40053,Mohamed Ouamar Ghrib,M,20,170,76,Algeria,ALG,1980 Summer,1980,Summer,Moskva,Football,Football Men's Football,
42082,Mohamed Gouni,M,33,168,60,Algeria,ALG,1980 Summer,1980,Summer,Moskva,Weightlifting,Weightlifting Men's Featherweight,
43544,Mahmoud Guendouz,M,27,182,76,Algeria,ALG,1980 Summer,1980,Summer,Moskva,Football,Football Men's Football,
43613,Kamel Guerri,M,23,,,Algeria,ALG,1992 Winter,1992,Winter,Albertville,Alpine Skiing,Alpine Skiing Men's Super G,
43613,Kamel Guerri,M,23,,,Algeria,ALG,1992 Winter,1992,Winter,Albertville,Alpine Skiing,Alpine Skiing Men's Giant Slalom,
43614,Mourad Guerri,M,17,,,Algeria,ALG,1992 Winter,1992,Winter,Albertville,Alpine Skiing,Alpine Skiing Men's Super G,
43614,Mourad Guerri,M,17,,,Algeria,ALG,1992 Winter,1992,Winter,Albertville,Alpine Skiing,Alpine Skiing Men's Giant Slalom,
43614,Mourad Guerri,M,17,,,Algeria,ALG,1992 Winter,1992,Winter,Albertville,Alpine Skiing,Alpine Skiing Men's Slalom,
44505,Rachid Habchaoui,M,30,170,56,Algeria,ALG,1980 Summer,1980,Summer,Moskva,Athletics,"Athletics Men's 5,000 metres",
44505,Rachid Habchaoui,M,30,170,56,Algeria,ALG,1980 Summer,1980,Summer,Moskva,Athletics,"Athletics Men's 10,000 metres",
44546,Mohamed Hachaichi,M,29,168,52,Algeria,ALG,1980 Summer,1980,Summer,Moskva,Wrestling,"Wrestling Men's Flyweight, Freestyle",
44596,Soraya Haddad,F,19,155,52,Algeria,ALG,2004 Summer,2004,Summer,Athina,Judo,Judo Women's Extra-Lightweight,
44596,Soraya Haddad,F,23,155,52,Algeria,ALG,2008 Summer,2008,Summer,Beijing,Judo,Judo Women's Half-Lightweight,Bronze
44596,Soraya Haddad,F,27,155,52,Algeria,ALG,2012 Summer,2012,Summer,London,Judo,Judo Women's Half-Lightweight,
44607,Zakarya Haddouche,M,22,170,65,Algeria,ALG,2016 Summer,2016,Summer,Rio de Janeiro,Football,Football Men's Football,
44841,Mohamed Haioun,M,23,160,55,Algeria,ALG,1992 Summer,1992,Summer,Barcelona,Boxing,Boxing Men's Light-Flyweight,
44980,Mohamed Halimi,M,22,173,65,Algeria,ALG,1980 Summer,1980,Summer,Moskva,Swimming,Swimming Men's 100 metres Freestyle,
44980,Mohamed Halimi,M,22,173,65,Algeria,ALG,1980 Summer,1980,Summer,Moskva,Swimming,Swimming Men's 4 x 200 metres Freestyle Relay,
45126,Hemza Haloui,M,22,180,96,Algeria,ALG,2016 Summer,2016,Summer,Rio de Janeiro,Wrestling,"Wrestling Men's Heavyweight, Greco-Roman",
45193,Mehdi Hamama,M,23,187,88,Algeria,ALG,2008 Summer,2008,Summer,Beijing,Swimming,Swimming Men's 200 metres Individual Medley,
45197,Loucif Hamani,M,22,175,71,Algeria,ALG,1972 Summer,1972,Summer,Munich,Boxing,Boxing Men's Light-Middleweight,
45251,Abdel Krim Hamiche,M,21,180,78,Algeria,ALG,1980 Summer,1980,Summer,Moskva,Handball,Handball Men's Handball,
45313,Fahem Hammachi,M,24,178,56,Algeria,ALG,2016 Summer,2016,Summer,Rio de Janeiro,Boxing,Boxing Men's Bantamweight,
45314,Abderrahmane Hammad Zaheer,M,23,189,70,Algeria,ALG,2000 Summer,2000,Summer,Sydney,Athletics,Athletics Men's High Jump,Bronze
45314,Abderrahmane Hammad Zaheer,M,27,189,70,Algeria,ALG,2004 Summer,2004,Summer,Athina,Athletics,Athletics Men's High Jump,
45372,Salima Hammouche,F,28,165,45,Algeria,ALG,2012 Summer,2012,Summer,London,Volleyball,Volleyball Women's Volleyball,
45382,Tahar Hamou,M,20,176,64,Algeria,ALG,1980 Summer,1980,Summer,Moskva,Fencing,"Fencing Men's Foil, Individual",
46030,Derradji Harek,M,20,175,63,Algeria,ALG,1980 Summer,1980,Summer,Moskva,Athletics,Athletics Men's 800 metres,
46030,Derradji Harek,M,20,175,63,Algeria,ALG,1980 Summer,1980,Summer,Moskva,Athletics,"Athletics Men's 1,500 metres",
46061,Abdel Hakim Harkat,M,24,,,Algeria,ALG,1992 Summer,1992,Summer,Barcelona,Judo,Judo Men's Half-Lightweight,
46061,Abdel Hakim Harkat,M,28,,,Algeria,ALG,1996 Summer,1996,Summer,Atlanta,Judo,Judo Men's Lightweight,
46467,Achour Hasni,M,24,,,Algeria,ALG,1996 Summer,1996,Summer,Atlanta,Handball,Handball Men's Handball,
47027,Kamel Hebri,M,,176,72,Algeria,ALG,1980 Summer,1980,Summer,Moskva,Handball,Handball Men's Handball,
47043,Adem Hecini,M,20,175,66,Algeria,ALG,1996 Summer,1996,Summer,Atlanta,Athletics,Athletics Men's 800 metres,
47043,Adem Hecini,M,24,175,66,Algeria,ALG,2000 Summer,2000,Summer,Sydney,Athletics,Athletics Men's 800 metres,
47043,Adem Hecini,M,24,175,66,Algeria,ALG,2000 Summer,2000,Summer,Sydney,Athletics,Athletics Men's 4 x 400 metres Relay,
47043,Adem Hecini,M,28,175,66,Algeria,ALG,2004 Summer,2004,Summer,Athina,Athletics,Athletics Men's 400 metres,
47044,Amar Hecini,M,24,175,70,Algeria,ALG,1996 Summer,1996,Summer,Atlanta,Athletics,Athletics Men's 400 metres,
47642,Sehryne Hennaoui,F,24,172,69,Algeria,ALG,2012 Summer,2012,Summer,London,Volleyball,Volleyball Women's Volleyball,
48291,Yassine Hethat,M,24,175,65,Algeria,ALG,2016 Summer,2016,Summer,Rio de Janeiro,Athletics,Athletics Men's 800 metres,
48784,Bouchra Fatima Al-Zohra Hirech,F,15,170,77,Algeria,ALG,2016 Summer,2016,Summer,Rio de Janeiro,Weightlifting,Weightlifting Women's Super-Heavyweight,
48785,Samia Hireche,F,19,173,63,Algeria,ALG,1996 Summer,1996,Summer,Atlanta,Rowing,Rowing Women's Single Sculls,
48785,Samia Hireche,F,24,173,63,Algeria,ALG,2000 Summer,2000,Summer,Sydney,Rowing,Rowing Women's Single Sculls,
51626,Ali Idir,M,21,162,62,Algeria,ALG,1988 Summer,1988,Summer,Seoul,Judo,Judo Men's Extra-Lightweight,
51823,Salim Iles,M,21,188,88,Algeria,ALG,1996 Summer,1996,Summer,Atlanta,Swimming,Swimming Men's 50 metres Freestyle,
51823,Salim Iles,M,21,188,88,Algeria,ALG,1996 Summer,1996,Summer,Atlanta,Swimming,Swimming Men's 100 metres Freestyle,
51823,Salim Iles,M,21,188,88,Algeria,ALG,1996 Summer,1996,Summer,Atlanta,Swimming,Swimming Men's 200 metres Freestyle,
51823,Salim Iles,M,25,188,88,Algeria,ALG,2000 Summer,2000,Summer,Sydney,Swimming,Swimming Men's 50 metres Freestyle,
51823,Salim Iles,M,25,188,88,Algeria,ALG,2000 Summer,2000,Summer,Sydney,Swimming,Swimming Men's 100 metres Freestyle,
51823,Salim Iles,M,29,188,88,Algeria,ALG,2004 Summer,2004,Summer,Athina,Swimming,Swimming Men's 50 metres Freestyle,
51823,Salim Iles,M,29,188,88,Algeria,ALG,2004 Summer,2004,Summer,Athina,Swimming,Swimming Men's 100 metres Freestyle,
51823,Salim Iles,M,33,188,88,Algeria,ALG,2008 Summer,2008,Summer,Beijing,Swimming,Swimming Men's 50 metres Freestyle,
56524,Mohamed Kacemi,M,23,172,64,Algeria,ALG,1972 Summer,1972,Summer,Munich,Athletics,"Athletics Men's 1,500 metres",
56532,David Kaci,M,26,165,63,Algeria,ALG,2000 Summer,2000,Summer,Sydney,Table Tennis,Table Tennis Men's Doubles,
57909,Nabil Kassel,M,20,182,75,Algeria,ALG,2004 Summer,2004,Summer,Athina,Boxing,Boxing Men's Middleweight,
57909,Nabil Kassel,M,24,182,75,Algeria,ALG,2008 Summer,2008,Summer,Beijing,Boxing,Boxing Men's Middleweight,
58340,Nabil Kebbab,M,24,192,94,Algeria,ALG,2008 Summer,2008,Summer,Beijing,Swimming,Swimming Men's 100 metres Freestyle,
58340,Nabil Kebbab,M,28,192,94,Algeria,ALG,2012 Summer,2012,Summer,London,Swimming,Swimming Men's 100 metres Freestyle,
58349,Benamar Kechkouche,M,33,178,78,Algeria,ALG,1984 Summer,1984,Summer,Los Angeles,Athletics,Athletics Men's 20 kilometres Walk,
58357,Zohir Kedache,M,30,178,69,Algeria,ALG,2016 Summer,2016,Summer,Rio de Janeiro,Boxing,Boxing Men's Welterweight,
58358,Nacer Keddam,M,23,168,51,Algeria,ALG,2000 Summer,2000,Summer,Sydney,Boxing,Boxing Men's Flyweight,
58359,Salim Keddar,M,22,176,65,Algeria,ALG,2016 Summer,2016,Summer,Rio de Janeiro,Athletics,"Athletics Men's 1,500 metres",
58367,Omar Kedjaouer,M,21,,,Algeria,ALG,1996 Summer,1996,Summer,Atlanta,Wrestling,"Wrestling Men's Flyweight, Freestyle",
58697,Ryad Qamar Al-Din Keniche,M,23,185,75,Algeria,ALG,2016 Summer,2016,Summer,Rio de Janeiro,Football,Football Men's Football,
58768,Abdel Hani Kenzi,M,26,181,75,Algeria,ALG,2000 Summer,2000,Summer,Sydney,Boxing,Boxing Men's Middleweight,
58768,Abdel Hani Kenzi,M,30,181,75,Algeria,ALG,2004 Summer,2004,Summer,Athina,Boxing,Boxing Men's Light-Heavyweight,
59036,Lotfi Khada,M,19,180,75,Algeria,ALG,1988 Summer,1988,Summer,Seoul,Athletics,Athletics Men's Long Jump,
59036,Lotfi Khada,M,19,180,75,Algeria,ALG,1988 Summer,1988,Summer,Seoul,Athletics,Athletics Men's Triple Jump,
59036,Lotfi Khada,M,23,180,75,Algeria,ALG,1992 Summer,1992,Summer,Barcelona,Athletics,Athletics Men's Triple Jump,
59054,Mohamed Khaldi,M,25,172,60,Algeria,ALG,2000 Summer,2000,Summer,Sydney,Athletics,"Athletics Men's 1,500 metres",
59054,Mohamed Khaldi,M,29,172,60,Algeria,ALG,2004 Summer,2004,Summer,Athina,Athletics,"Athletics Men's 1,500 metres",
59058,Sofiane Khalfallah,M,27,,,Algeria,ALG,1996 Summer,1996,Summer,Atlanta,Handball,Handball Men's Handball,
59125,Amel Khamtache,F,31,181,55,Algeria,ALG,2012 Summer,2012,Summer,London,Volleyball,Volleyball Women's Volleyball,
59272,Mohamed Kheddis,M,28,176,77,Algeria,ALG,1980 Summer,1980,Summer,Moskva,Football,Football Men's Football,
59280,Anissa Khelfaoui (-Nassonenko),F,16,168,62,Algeria,ALG,2008 Summer,2008,Summer,Beijing,Fencing,"Fencing Women's Foil, Individual",
59280,Anissa Khelfaoui (-Nassonenko),F,20,168,62,Algeria,ALG,2012 Summer,2012,Summer,London,Fencing,"Fencing Women's Foil, Individual",
59280,Anissa Khelfaoui (-Nassonenko),F,24,168,62,Algeria,ALG,2016 Summer,2016,Summer,Rio de Janeiro,Fencing,"Fencing Women's Foil, Individual",
59281,Mehdi-Selim Khelifi,M,17,170,65,Algeria,ALG,2010 Winter,2010,Winter,Vancouver,Cross Country Skiing,Cross Country Skiing Men's 15 kilometres,
59283,Allaoua Khellil,M,34,174,59,Algeria,ALG,1988 Summer,1988,Summer,Seoul,Athletics,Athletics Men's Marathon,
59397,Idir Abdullah Khourta,M,22,175,70,Algeria,ALG,2008 Summer,2008,Summer,Beijing,Table Tennis,Table Tennis Men's Singles,
61366,Abdel Kader Klouchi,M,23,177,70,Algeria,ALG,1992 Summer,1992,Summer,Barcelona,Athletics,Athletics Men's Long Jump,
61960,Kamel Kohil,M,28,155,52,Algeria,ALG,2000 Summer,2000,Summer,Sydney,Athletics,Athletics Men's Marathon,
63269,Mustapha Kouchene,M,22,,,Algeria,ALG,1984 Summer,1984,Summer,Los Angeles,Boxing,Boxing Men's Bantamweight,
63705,Rachid Kram,M,25,180,63,Algeria,ALG,1988 Summer,1988,Summer,Seoul,Athletics,"Athletics Men's 1,500 metres",
63706,Ahmed Krama,M,23,177,64,Algeria,ALG,1996 Summer,1996,Summer,Atlanta,Athletics,"Athletics Men's 1,500 metres",
63731,Hamza Kramou,M,20,175,60,Algeria,ALG,2008 Summer,2008,Summer,Beijing,Boxing,Boxing Men's Lightweight,
65619,El-Hadi Laameche,M,26,165,60,Algeria,ALG,2016 Summer,2016,Summer,Rio de Janeiro,Athletics,Athletics Men's Marathon,
65661,Rabah Labiod,M,20,173,67,Algeria,ALG,1968 Summer,1968,Summer,Mexico City,Boxing,Boxing Men's Welterweight,
65724,Fethnour Lacheheb,M,24,188,85,Algeria,ALG,1988 Summer,1988,Summer,Seoul,Handball,Handball Men's Handball,
65848,Azzadine Lagab,M,25,172,67,Algeria,ALG,2012 Summer,2012,Summer,London,Cycling,"Cycling Men's Road Race, Individual",
65938,Abdelmalik Lahoulou,M,24,177,72,Algeria,ALG,2016 Summer,2016,Summer,Rio de Janeiro,Athletics,Athletics Men's 400 metres Hurdles,
66111,Sofiane Lamali,M,22,188,90,Algeria,ALG,1996 Summer,1996,Summer,Atlanta,Handball,Handball Men's Handball,
66676,Saleh Larbes,M,27,180,78,Algeria,ALG,1980 Summer,1980,Summer,Moskva,Football,Football Men's Football,
66678,Kamel Larbi,M,20,,,Algeria,ALG,1996 Summer,1996,Summer,Atlanta,Judo,Judo Men's Heavyweight,
66961,Nabil Lasmari,M,30,182,82,Algeria,ALG,2008 Summer,2008,Summer,Beijing,Badminton,Badminton Men's Singles,
66983,Leila Franoise Lassouani,F,23,155,63,Algeria,ALG,2000 Summer,2000,Summer,Sydney,Weightlifting,Weightlifting Women's Lightweight,
66983,Leila Franoise Lassouani,F,27,155,63,Algeria,ALG,2004 Summer,2004,Summer,Athina,Weightlifting,Weightlifting Women's Middleweight,
66983,Leila Franoise Lassouani,F,31,155,63,Algeria,ALG,2008 Summer,2008,Summer,Beijing,Weightlifting,Weightlifting Women's Middleweight,
67000,Allaoua Latef,M,20,,,Algeria,ALG,1992 Winter,1992,Winter,Albertville,Alpine Skiing,Alpine Skiing Men's Slalom,
67028,Lila Latrous,F,25,155,57,Algeria,ALG,2004 Summer,2004,Summer,Athina,Judo,Judo Women's Lightweight,
67028,Lila Latrous,F,29,155,57,Algeria,ALG,2008 Summer,2008,Summer,Beijing,Judo,Judo Women's Lightweight,
67434,Larbi Lazhari,M,27,170,61,Algeria,ALG,1968 Summer,1968,Summer,Mexico City,Gymnastics,Gymnastics Men's Individual All-Around,
67434,Larbi Lazhari,M,27,170,61,Algeria,ALG,1968 Summer,1968,Summer,Mexico City,Gymnastics,Gymnastics Men's Floor Exercise,
67434,Larbi Lazhari,M,27,170,61,Algeria,ALG,1968 Summer,1968,Summer,Mexico City,Gymnastics,Gymnastics Men's Horse Vault,
67434,Larbi Lazhari,M,27,170,61,Algeria,ALG,1968 Summer,1968,Summer,Mexico City,Gymnastics,Gymnastics Men's Parallel Bars,
67434,Larbi Lazhari,M,27,170,61,Algeria,ALG,1968 Summer,1968,Summer,Mexico City,Gymnastics,Gymnastics Men's Horizontal Bar,
67434,Larbi Lazhari,M,27,170,61,Algeria,ALG,1968 Summer,1968,Summer,Mexico City,Gymnastics,Gymnastics Men's Rings,
67434,Larbi Lazhari,M,27,170,61,Algeria,ALG,1968 Summer,1968,Summer,Mexico City,Gymnastics,Gymnastics Men's Pommelled Horse,
67435,Mohamed Lazhari,M,26,175,65,Algeria,ALG,1964 Summer,1964,Summer,Tokyo,Gymnastics,Gymnastics Men's Individual All-Around,
67435,Mohamed Lazhari,M,26,175,65,Algeria,ALG,1964 Summer,1964,Summer,Tokyo,Gymnastics,Gymnastics Men's Floor Exercise,
67435,Mohamed Lazhari,M,26,175,65,Algeria,ALG,1964 Summer,1964,Summer,Tokyo,Gymnastics,Gymnastics Men's Horse Vault,
67435,Mohamed Lazhari,M,26,175,65,Algeria,ALG,1964 Summer,1964,Summer,Tokyo,Gymnastics,Gymnastics Men's Parallel Bars,
67435,Mohamed Lazhari,M,26,175,65,Algeria,ALG,1964 Summer,1964,Summer,Tokyo,Gymnastics,Gymnastics Men's Horizontal Bar,
67435,Mohamed Lazhari,M,26,175,65,Algeria,ALG,1964 Summer,1964,Summer,Tokyo,Gymnastics,Gymnastics Men's Rings,
67435,Mohamed Lazhari,M,26,175,65,Algeria,ALG,1964 Summer,1964,Summer,Tokyo,Gymnastics,Gymnastics Men's Pommelled Horse,
67765,Hocine Ledra,M,27,,,Algeria,ALG,1984 Summer,1984,Summer,Los Angeles,Handball,Handball Men's Handball,
71647,Mohamed Riad Louafi,M,24,,,Algeria,ALG,2012 Summer,2012,Summer,London,Wrestling,"Wrestling Men's Light-Heavyweight, Freestyle",
71648,Malik Khaled Ahmed Louahla,M,22,176,75,Algeria,ALG,2000 Summer,2000,Summer,Sydney,Athletics,Athletics Men's 400 metres,
71648,Malik Khaled Ahmed Louahla,M,22,176,75,Algeria,ALG,2000 Summer,2000,Summer,Sydney,Athletics,Athletics Men's 4 x 400 metres Relay,
71648,Malik Khaled Ahmed Louahla,M,26,176,75,Algeria,ALG,2004 Summer,2004,Summer,Athina,Athletics,Athletics Men's 200 metres,
71649,Samir-Adel Louahla,M,26,190,85,Algeria,ALG,2000 Summer,2000,Summer,Sydney,Athletics,Athletics Men's 4 x 400 metres Relay,
71684,Abdel Ghani Loukil,M,23,190,82,Algeria,ALG,1996 Summer,1996,Summer,Atlanta,Handball,Handball Men's Handball,
72801,Abdelhakim Maazouz,M,28,176,62,Algeria,ALG,2004 Summer,2004,Summer,Athina,Athletics,"Athletics Men's 3,000 metres Steeplechase",
72974,Mohamed Machou,M,22,,,Algeria,ALG,1980 Summer,1980,Summer,Moskva,Handball,Handball Men's Handball,
73151,Abdel Madjid Mada,M,27,162,50,Algeria,ALG,1980 Summer,1980,Summer,Moskva,Athletics,"Athletics Men's 10,000 metres",
73151,Abdel Madjid Mada,M,27,162,50,Algeria,ALG,1980 Summer,1980,Summer,Moskva,Athletics,Athletics Men's Marathon,
73155,Narimne Madani,F,24,176,63,Algeria,ALG,2008 Summer,2008,Summer,Beijing,Volleyball,Volleyball Women's Volleyball,
73211,Nabil Madi,M,23,175,68,Algeria,ALG,2004 Summer,2004,Summer,Athina,Athletics,Athletics Men's 800 metres,
73211,Nabil Madi,M,27,175,68,Algeria,ALG,2008 Summer,2008,Summer,Beijing,Athletics,Athletics Men's 800 metres,
73222,Rabah Mustapha Madjer,M,21,174,67,Algeria,ALG,1980 Summer,1980,Summer,Moskva,Football,Football Men's Football,
73223,Noureddine Madjhoud,M,20,170,57,Algeria,ALG,1996 Summer,1996,Summer,Atlanta,Boxing,Boxing Men's Featherweight,
73223,Noureddine Madjhoud,M,24,170,57,Algeria,ALG,2000 Summer,2000,Summer,Sydney,Boxing,Boxing Men's Featherweight,
73546,Bouzid Mahiouz,M,28,176,67,Algeria,ALG,1980 Summer,1980,Summer,Moskva,Football,Football Men's Football,
73856,Rabia Makhloufi,M,21,178,68,Algeria,ALG,2008 Summer,2008,Summer,Beijing,Athletics,"Athletics Men's 3,000 metres Steeplechase",
73857,Taoufik Makhloufi,M,24,170,67,Algeria,ALG,2012 Summer,2012,Summer,London,Athletics,Athletics Men's 800 metres,
73857,Taoufik Makhloufi,M,24,170,67,Algeria,ALG,2012 Summer,2012,Summer,London,Athletics,"Athletics Men's 1,500 metres",Gold
73857,Taoufik Makhloufi,M,28,170,67,Algeria,ALG,2016 Summer,2016,Summer,Rio de Janeiro,Athletics,Athletics Men's 800 metres,Silver
73857,Taoufik Makhloufi,M,28,170,67,Algeria,ALG,2016 Summer,2016,Summer,Rio de Janeiro,Athletics,"Athletics Men's 1,500 metres",Silver
73965,Mourad Malaoui,M,24,,,Algeria,ALG,1992 Summer,1992,Summer,Barcelona,Volleyball,Volleyball Men's Volleyball,
74570,Nadjim Manseur,M,20,180,73,Algeria,ALG,2008 Summer,2008,Summer,Beijing,Athletics,Athletics Men's 800 metres,
74591,Abderrahmane Mansouri,M,21,173,66,Algeria,ALG,2016 Summer,2016,Summer,Rio de Janeiro,Cycling,"Cycling Men's Road Race, Individual",
74593,Nawal Mansouri,F,23,174,64,Algeria,ALG,2008 Summer,2008,Summer,Beijing,Volleyball,Volleyball Women's Volleyball,
74593,Nawal Mansouri,F,26,174,64,Algeria,ALG,2012 Summer,2012,Summer,London,Volleyball,Volleyball Women's Volleyball,
74680,Kamel Maoudj,M,14,,,Algeria,ALG,1984 Summer,1984,Summer,Los Angeles,Handball,Handball Men's Handball,
76201,Ali Massaoudi,M,20,178,63,Algeria,ALG,2016 Summer,2016,Summer,Rio de Janeiro,Athletics,"Athletics Men's 3,000 metres Steeplechase",
78011,Mahrez Mebarek,M,19,183,90,Algeria,ALG,2004 Summer,2004,Summer,Athina,Swimming,Swimming Men's 200 metres Freestyle,
78011,Mahrez Mebarek,M,19,183,90,Algeria,ALG,2004 Summer,2004,Summer,Athina,Swimming,Swimming Men's 400 metres Freestyle,
78011,Mahrez Mebarek,M,23,183,90,Algeria,ALG,2008 Summer,2008,Summer,Beijing,Swimming,Swimming Men's 200 metres Freestyle,
78012,Ali Mebarki,M,23,165,57,Algeria,ALG,1968 Summer,1968,Summer,Mexico City,Boxing,Boxing Men's Featherweight,
78030,Khaled Meddah,M,22,180,90,Algeria,ALG,2000 Summer,2000,Summer,Sydney,Judo,Judo Men's Middleweight,
78030,Khaled Meddah,M,26,180,90,Algeria,ALG,2004 Summer,2004,Summer,Athina,Judo,Judo Men's Middleweight,
78349,Mouloud Mekhnache,M,,180,78,Algeria,ALG,1980 Summer,1980,Summer,Moskva,Handball,Handball Men's Handball,
78349,Mouloud Mekhnache,M,,180,78,Algeria,ALG,1984 Summer,1984,Summer,Los Angeles,Handball,Handball Men's Handball,
78364,Lynda Mekzine,F,20,,,Algeria,ALG,1996 Summer,1996,Summer,Atlanta,Judo,Judo Women's Half-Lightweight,
78561,Djamel Menad,M,19,177,69,Algeria,ALG,1980 Summer,1980,Summer,Moskva,Football,Football Men's Football,
78563,Asma Al-Menaifi,F,18,160,55,Algeria,ALG,2004 Summer,2004,Summer,Athina,Table Tennis,Table Tennis Women's Singles,
78563,Asma Al-Menaifi,F,18,160,55,Algeria,ALG,2004 Summer,2004,Summer,Athina,Table Tennis,Table Tennis Women's Doubles,
78625,Widad Mendil,F,25,,,Algeria,ALG,2008 Summer,2008,Summer,Beijing,Athletics,"Athletics Women's 3,000 metres Steeplechase",
78805,Nouria Mrah-Benida,F,25,162,54,Algeria,ALG,1996 Summer,1996,Summer,Atlanta,Athletics,Athletics Women's 800 metres,
78805,Nouria Mrah-Benida,F,29,162,54,Algeria,ALG,2000 Summer,2000,Summer,Sydney,Athletics,"Athletics Women's 1,500 metres",Gold
78882,Amar Meridja,M,20,175,73,Algeria,ALG,1996 Summer,1996,Summer,Atlanta,Judo,Judo Men's Extra-Lightweight,
78882,Amar Meridja,M,24,175,73,Algeria,ALG,2000 Summer,2000,Summer,Sydney,Judo,Judo Men's Half-Lightweight,
78882,Amar Meridja,M,28,175,73,Algeria,ALG,2004 Summer,2004,Summer,Athina,Judo,Judo Men's Half-Lightweight,
78882,Amar Meridja,M,32,175,73,Algeria,ALG,2008 Summer,2008,Summer,Beijing,Judo,Judo Men's Lightweight,
78883,Mohamed Meridja,M,27,178,71,Algeria,ALG,1988 Summer,1988,Summer,Seoul,Judo,Judo Men's Lightweight,
78996,Chaabane Merzekane,M,21,182,74,Algeria,ALG,1980 Summer,1980,Summer,Moskva,Football,Football Men's Football,
79032,Benamar Meskine,M,31,173,64,Algeria,ALG,2004 Summer,2004,Summer,Athina,Boxing,Boxing Men's Welterweight,
79114,Oussama Methazem,M,22,187,80,Algeria,ALG,2016 Summer,2016,Summer,Rio de Janeiro,Football,Football Men's Football,
79275,Noureddine Meziane,M,25,178,71,Algeria,ALG,1988 Summer,1988,Summer,Seoul,Boxing,Boxing Men's Light-Middleweight,
79275,Noureddine Meziane,M,29,178,71,Algeria,ALG,1992 Summer,1992,Summer,Barcelona,Boxing,Boxing Men's Light-Middleweight,
80035,Boualem Miloudi,M,23,192,106,Algeria,ALG,1988 Summer,1988,Summer,Seoul,Judo,Judo Men's Heavyweight,
80215,Mohamed Mir,M,25,,,Algeria,ALG,1988 Summer,1988,Summer,Seoul,Cycling,"Cycling Men's Road Race, Individual",
81056,Rashid Mokhrani,M,20,180,78,Algeria,ALG,1980 Summer,1980,Summer,Moskva,Handball,Handball Men's Handball,
81056,Rashid Mokhrani,M,24,180,78,Algeria,ALG,1984 Summer,1984,Summer,Los Angeles,Handball,Handball Men's Handball,
81860,Abderrahmane Morceli,M,23,171,61,Algeria,ALG,1980 Summer,1980,Summer,Moskva,Athletics,"Athletics Men's 1,500 metres",
81860,Abderrahmane Morceli,M,27,171,61,Algeria,ALG,1984 Summer,1984,Summer,Los Angeles,Athletics,"Athletics Men's 1,500 metres",
81861,Noureddine Morceli,M,22,175,60,Algeria,ALG,1992 Summer,1992,Summer,Barcelona,Athletics,"Athletics Men's 1,500 metres",
81861,Noureddine Morceli,M,26,175,60,Algeria,ALG,1996 Summer,1996,Summer,Atlanta,Athletics,"Athletics Men's 1,500 metres",Gold
81861,Noureddine Morceli,M,30,175,60,Algeria,ALG,2000 Summer,2000,Summer,Sydney,Athletics,"Athletics Men's 1,500 metres",
82556,Mohamed Moualek,M,23,178,68,Algeria,ALG,1980 Summer,1980,Summer,Moskva,Wrestling,"Wrestling Men's Lightweight, Greco-Roman",
82636,Yacine Mousli,M,25,170,68,Algeria,ALG,1992 Summer,1992,Summer,Barcelona,Athletics,Athletics Men's High Jump,
82639,Ahmed Moussa,M,28,163,60,Algeria,ALG,1980 Summer,1980,Summer,Moskva,Judo,Judo Men's Extra-Lightweight,
82643,Meriem Moussa,F,20,150,48,Algeria,ALG,2008 Summer,2008,Summer,Beijing,Judo,Judo Women's Extra-Lightweight,
82645,Mustapha Moussa,M,22,,,Algeria,ALG,1984 Summer,1984,Summer,Los Angeles,Boxing,Boxing Men's Light-Heavyweight,Bronze
82652,Samir Moussaoui,M,25,172,65,Algeria,ALG,2000 Summer,2000,Summer,Sydney,Athletics,"Athletics Men's 10,000 metres",
82652,Samir Moussaoui,M,29,172,65,Algeria,ALG,2004 Summer,2004,Summer,Athina,Athletics,"Athletics Men's 5,000 metres",
82680,Lea Melissa Moutoussamy,F,14,161,53,Algeria,ALG,2012 Summer,2012,Summer,London,Fencing,"Fencing Women's Sabre, Individual",
84989,Souad Al-Nechab,F,24,178,60,Algeria,ALG,2004 Summer,2004,Summer,Athina,Table Tennis,Table Tennis Women's Doubles,
85024,Salim Nedjel-Hammou,M,24,,,Algeria,ALG,1996 Summer,1996,Summer,Atlanta,Handball,Handball Men's Handball,
86434,Issam Nima,M,33,187,75,Algeria,ALG,2012 Summer,2012,Summer,London,Athletics,Athletics Men's Triple Jump,
90050,Mohamed Amin Ouadahi,M,25,168,,Algeria,ALG,2012 Summer,2012,Summer,London,Boxing,Boxing Men's Bantamweight,
90054,Lamine Ouahab,M,19,185,75,Algeria,ALG,2004 Summer,2004,Summer,Athina,Tennis,Tennis Men's Singles,
90059,Newfel Ouatah,M,22,200,97,Algeria,ALG,2008 Summer,2008,Summer,Beijing,Boxing,Boxing Men's Super-Heavyweight,
90068,Kamel Ouchia,M,27,176,73,Algeria,ALG,1984 Summer,1984,Summer,Los Angeles,Handball,Handball Men's Handball,
90068,Kamel Ouchia,M,31,176,73,Algeria,ALG,1988 Summer,1988,Summer,Seoul,Handball,Handball Men's Handball,
90084,Rachida Ouerdane,F,25,168,70,Algeria,ALG,2004 Summer,2004,Summer,Athina,Judo,Judo Women's Middleweight,
90084,Rachida Ouerdane,F,29,168,70,Algeria,ALG,2008 Summer,2008,Summer,Beijing,Judo,Judo Women's Middleweight,
90092,Azzedine Ouhib,M,27,,,Algeria,ALG,1984 Summer,1984,Summer,Los Angeles,Handball,Handball Men's Handball,
90100,Fatima Zahra Oukazi,F,24,175,67,Algeria,ALG,2008 Summer,2008,Summer,Beijing,Volleyball,Volleyball Women's Volleyball,
90104,Farid Oulami,M,26,174,65,Algeria,ALG,2000 Summer,2000,Summer,Sydney,Table Tennis,Table Tennis Men's Doubles,
90117,Lydia Oulmou,F,22,186,74,Algeria,ALG,2008 Summer,2008,Summer,Beijing,Volleyball,Volleyball Women's Volleyball,
90117,Lydia Oulmou,F,26,186,74,Algeria,ALG,2012 Summer,2012,Summer,London,Volleyball,Volleyball Women's Volleyball,
90136,Abdelhalim Ourradi,M,27,170,54,Algeria,ALG,2008 Summer,2008,Summer,Beijing,Boxing,Boxing Men's Bantamweight,
98376,Miloud Rahmouni,M,33,178,62,Algeria,ALG,2016 Summer,2016,Summer,Rio de Janeiro,Athletics,Athletics Men's 400 metres Hurdles,
98385,Abdelmalek Rahou,M,26,180,,Algeria,ALG,2012 Summer,2012,Summer,London,Boxing,Boxing Men's Middleweight,
98386,Boualem Rahoui,M,23,165,58,Algeria,ALG,1972 Summer,1972,Summer,Munich,Athletics,"Athletics Men's 5,000 metres",
98386,Boualem Rahoui,M,23,165,58,Algeria,ALG,1972 Summer,1972,Summer,Munich,Athletics,"Athletics Men's 3,000 metres Steeplechase",
98387,Baya Rahouli,F,21,179,64,Algeria,ALG,2000 Summer,2000,Summer,Sydney,Athletics,Athletics Women's Triple Jump,
98387,Baya Rahouli,F,25,179,64,Algeria,ALG,2004 Summer,2004,Summer,Athina,Athletics,Athletics Women's Triple Jump,
98387,Baya Rahouli,F,29,179,64,Algeria,ALG,2008 Summer,2008,Summer,Beijing,Athletics,Athletics Women's Triple Jump,
99377,Omar Rebahi,M,22,166,60,Algeria,ALG,2000 Summer,2000,Summer,Sydney,Judo,Judo Men's Extra-Lightweight,
99377,Omar Rebahi,M,25,166,60,Algeria,ALG,2004 Summer,2004,Summer,Athina,Judo,Judo Men's Extra-Lightweight,
99377,Omar Rebahi,M,29,166,60,Algeria,ALG,2008 Summer,2008,Summer,Beijing,Judo,Judo Men's Extra-Lightweight,
99399,Miloud Rebiai,M,22,170,65,Algeria,ALG,2016 Summer,2016,Summer,Rio de Janeiro,Football,Football Men's Football,
99501,Wassila Rdouane-Sad-Guerni,F,19,168,64,Algeria,ALG,2000 Summer,2000,Summer,Sydney,Fencing,"Fencing Women's Foil, Individual",
99501,Wassila Rdouane-Sad-Guerni,F,23,168,64,Algeria,ALG,2004 Summer,2004,Summer,Athina,Fencing,"Fencing Women's Foil, Individual",
99606,Youcef Reguigui,M,26,173,69,Algeria,ALG,2016 Summer,2016,Summer,Rio de Janeiro,Cycling,"Cycling Men's Road Race, Individual",
102911,Nabil Rouabhi,M,30,,,Algeria,ALG,1996 Summer,1996,Summer,Atlanta,Handball,Handball Men's Handball,
102912,Raouya Rouabhia,F,30,178,67,Algeria,ALG,2008 Summer,2008,Summer,Beijing,Volleyball,Volleyball Women's Volleyball,
102916,Amina Rouba,F,25,173,60,Algeria,ALG,2012 Summer,2012,Summer,London,Rowing,Rowing Women's Single Sculls,
102916,Amina Rouba,F,29,173,60,Algeria,ALG,2016 Summer,2016,Summer,Rio de Janeiro,Rowing,Rowing Women's Single Sculls,
104135,Hakim Sadi,M,23,176,56,Algeria,ALG,2016 Summer,2016,Summer,Rio de Janeiro,Athletics,Athletics Men's Marathon,
104306,Abdel Hamid Sahil,M,23,182,75,Algeria,ALG,1980 Summer,1980,Summer,Moskva,Athletics,Athletics Men's High Jump,
104322,Oussama Sahnoune,M,24,190,90,Algeria,ALG,2016 Summer,2016,Summer,Rio de Janeiro,Swimming,Swimming Men's 50 metres Freestyle,
104322,Oussama Sahnoune,M,24,190,90,Algeria,ALG,2016 Summer,2016,Summer,Rio de Janeiro,Swimming,Swimming Men's 100 metres Freestyle,
104336,Ahmed Sad,M,27,164,48,Algeria,ALG,1980 Summer,1980,Summer,Moskva,Boxing,Boxing Men's Light-Flyweight,
104337,Azzedine Sad,M,23,170,60,Algeria,ALG,1984 Summer,1984,Summer,Los Angeles,Boxing,Boxing Men's Featherweight,
104337,Azzedine Sad,M,27,170,60,Algeria,ALG,1988 Summer,1988,Summer,Seoul,Boxing,Boxing Men's Lightweight,
104345,Assa Djabir Sad-Guerni,M,23,187,70,Algeria,ALG,2000 Summer,2000,Summer,Sydney,Athletics,Athletics Men's 800 metres,Bronze
104345,Assa Djabir Sad-Guerni,M,27,187,70,Algeria,ALG,2004 Summer,2004,Summer,Athina,Athletics,Athletics Men's 800 metres,
104349,Kahina Saidi,F,24,173,63,Algeria,ALG,2008 Summer,2008,Summer,Beijing,Judo,Judo Women's Half-Middleweight,
104350,Redouane Sadi,M,25,175,82,Algeria,ALG,1996 Summer,1996,Summer,Atlanta,Handball,Handball Men's Handball,
104352,Ali Sadi-Sief,M,22,185,70,Algeria,ALG,2000 Summer,2000,Summer,Sydney,Athletics,"Athletics Men's 5,000 metres",Silver
104352,Ali Sadi-Sief,M,26,185,70,Algeria,ALG,2004 Summer,2004,Summer,Athina,Athletics,"Athletics Men's 5,000 metres",
104352,Ali Sadi-Sief,M,30,185,70,Algeria,ALG,2008 Summer,2008,Summer,Beijing,Athletics,"Athletics Men's 5,000 metres",
104724,Ferial Nadira Salhi,F,28,,,Algeria,ALG,1996 Summer,1996,Summer,Atlanta,Fencing,"Fencing Women's Foil, Individual",
104799,Mohamed Salmi,M,28,168,61,Algeria,ALG,1992 Summer,1992,Summer,Barcelona,Athletics,Athletics Men's Marathon,
104800,Moustafa Kamel Salmi,M,23,175,73,Algeria,ALG,1988 Summer,1988,Summer,Seoul,Athletics,Athletics Men's 100 metres,
104800,Moustafa Kamel Salmi,M,23,175,73,Algeria,ALG,1988 Summer,1988,Summer,Seoul,Athletics,Athletics Men's 200 metres,
108258,Zineddine Mohamed Seghir,M,24,172,69,Algeria,ALG,1984 Summer,1984,Summer,Los Angeles,Handball,Handball Men's Handball,
108258,Zineddine Mohamed Seghir,M,29,172,69,Algeria,ALG,1988 Summer,1988,Summer,Seoul,Handball,Handball Men's Handball,
108647,Adel Sennoun,M,24,,,Algeria,ALG,1992 Summer,1992,Summer,Barcelona,Volleyball,Volleyball Men's Volleyball,
108648,Mourad Sennoun,M,30,,,Algeria,ALG,1992 Summer,1992,Summer,Barcelona,Volleyball,Volleyball Men's Volleyball,
108837,Mohamed Serir,M,23,175,66,Algeria,ALG,2008 Summer,2008,Summer,Beijing,Wrestling,"Wrestling Men's Welterweight, Greco-Roman",
108837,Mohamed Serir,M,27,175,66,Algeria,ALG,2012 Summer,2012,Summer,London,Wrestling,"Wrestling Men's Welterweight, Greco-Roman",
109481,Yacine Sheikh,M,22,172,48,Algeria,ALG,1988 Summer,1988,Summer,Seoul,Boxing,Boxing Men's Light-Flyweight,
109481,Yacine Sheikh,M,26,172,48,Algeria,ALG,1992 Summer,1992,Summer,Barcelona,Boxing,Boxing Men's Flyweight,
110451,Kader Silia,M,21,176,76,Algeria,ALG,2000 Summer,2000,Summer,Sydney,Wrestling,"Wrestling Men's Middleweight, Greco-Roman",
111318,Hamid (Victor-) Sints,M,35,169,67,Algeria,ALG,2016 Summer,2016,Summer,Rio de Janeiro,Fencing,"Fencing Men's Foil, Individual",
111952,Abdel Madjid Slimani,M,21,180,78,Algeria,ALG,1980 Summer,1980,Summer,Moskva,Handball,Handball Men's Handball,
111953,Aghiles Slimani,M,21,172,57,Algeria,ALG,2004 Summer,2004,Summer,Athina,Swimming,Swimming Men's 100 metres Butterfly,
111953,Aghiles Slimani,M,21,172,57,Algeria,ALG,2004 Summer,2004,Summer,Athina,Swimming,Swimming Men's 200 metres Butterfly,
112998,Hocine Soltani,M,19,165,60,Algeria,ALG,1992 Summer,1992,Summer,Barcelona,Boxing,Boxing Men's Featherweight,Bronze
112998,Hocine Soltani,M,23,165,60,Algeria,ALG,1996 Summer,1996,Summer,Atlanta,Boxing,Boxing Men's Lightweight,Gold
112999,Mebarek Soltani,M,18,172,51,Algeria,ALG,2000 Summer,2000,Summer,Sydney,Boxing,Boxing Men's Light-Flyweight,
112999,Mebarek Soltani,M,22,172,51,Algeria,ALG,2004 Summer,2004,Summer,Athina,Boxing,Boxing Men's Flyweight,
113394,Salima Al-Souakri (-Dahmani),F,17,158,52,Algeria,ALG,1992 Summer,1992,Summer,Barcelona,Judo,Judo Women's Extra-Lightweight,
113394,Salima Al-Souakri (-Dahmani),F,21,158,52,Algeria,ALG,1996 Summer,1996,Summer,Atlanta,Judo,Judo Women's Extra-Lightweight,
113394,Salima Al-Souakri (-Dahmani),F,25,158,52,Algeria,ALG,2000 Summer,2000,Summer,Sydney,Judo,Judo Women's Half-Lightweight,
113394,Salima Al-Souakri (-Dahmani),F,29,158,52,Algeria,ALG,2004 Summer,2004,Summer,Athina,Judo,Judo Women's Half-Lightweight,
117675,Foudil Taalba,M,25,,,Algeria,ALG,1992 Summer,1992,Summer,Barcelona,Volleyball,Volleyball Men's Volleyball,
117714,Bilal Tabti,M,23,175,62,Algeria,ALG,2016 Summer,2016,Summer,Rio de Janeiro,Athletics,"Athletics Men's 3,000 metres Steeplechase",
117752,Noureddine Tadjine,M,25,182,62,Algeria,ALG,1988 Summer,1988,Summer,Seoul,Athletics,Athletics Men's 110 metres Hurdles,
118112,Kamel Talhaoui,M,29,174,67,Algeria,ALG,2000 Summer,2000,Summer,Sydney,Athletics,Athletics Men's 4 x 400 metres Relay,
118610,Ahmed Tarbi,M,26,160,59,Algeria,ALG,1980 Summer,1980,Summer,Moskva,Weightlifting,Weightlifting Men's Bantamweight,
118610,Ahmed Tarbi,M,30,160,59,Algeria,ALG,1984 Summer,1984,Summer,Los Angeles,Weightlifting,Weightlifting Men's Bantamweight,
118838,Mohammed Amine Tayeb,M,30,190,100,Algeria,ALG,2016 Summer,2016,Summer,Rio de Janeiro,Judo,Judo Men's Heavyweight,
119113,Faycal Tellouche,M,23,,,Algeria,ALG,1992 Summer,1992,Summer,Barcelona,Volleyball,Volleyball Men's Volleyball,
120566,Lies Tizioualou,M,27,,,Algeria,ALG,1992 Summer,1992,Summer,Barcelona,Volleyball,Volleyball Men's Volleyball,
121453,Nahida Mahour Bacha Touhami,F,26,175,60,Algeria,ALG,2004 Summer,2004,Summer,Athina,Athletics,"Athletics Women's 1,500 metres",
121453,Nahida Mahour Bacha Touhami,F,30,175,60,Algeria,ALG,2008 Summer,2008,Summer,Beijing,Athletics,"Athletics Women's 1,500 metres",
121454,Abdelaziz Touilbini,M,29,188,91,Algeria,ALG,2008 Summer,2008,Summer,Beijing,Boxing,Boxing Men's Heavyweight,
121464,Hakim Toumi,M,23,180,109,Algeria,ALG,1984 Summer,1984,Summer,Los Angeles,Athletics,Athletics Men's Hammer Throw,
121464,Hakim Toumi,M,27,180,109,Algeria,ALG,1988 Summer,1988,Summer,Seoul,Athletics,Athletics Men's Hammer Throw,
122168,Faza Tsabet,F,23,183,79,Algeria,ALG,2008 Summer,2008,Summer,Beijing,Volleyball,Volleyball Women's Volleyball,
132144,Reda Yadi,M,17,172,63,Algeria,ALG,1980 Summer,1980,Summer,Moskva,Swimming,Swimming Men's 200 metres Freestyle,
132144,Reda Yadi,M,17,172,63,Algeria,ALG,1980 Summer,1980,Summer,Moskva,Swimming,Swimming Men's 4 x 200 metres Freestyle Relay,
132165,Noureddine Al-Yagoubi,M,26,170,73,Algeria,ALG,2000 Summer,2000,Summer,Sydney,Judo,Judo Men's Lightweight,
132165,Noureddine Al-Yagoubi,M,30,170,73,Algeria,ALG,2004 Summer,2004,Summer,Athina,Judo,Judo Men's Lightweight,
132175,Abdel Manaane Yahiaoui,M,25,,69,Algeria,ALG,1992 Summer,1992,Summer,Barcelona,Weightlifting,Weightlifting Men's Lightweight,
132175,Abdel Manaane Yahiaoui,M,29,,69,Algeria,ALG,1996 Summer,1996,Summer,Atlanta,Weightlifting,Weightlifting Men's Lightweight,
132176,Djamel Yahiouche,M,21,174,65,Algeria,ALG,1980 Summer,1980,Summer,Moskva,Swimming,Swimming Men's 100 metres Breaststroke,
132176,Djamel Yahiouche,M,21,174,65,Algeria,ALG,1980 Summer,1980,Summer,Moskva,Swimming,Swimming Men's 200 metres Breaststroke,
132176,Djamel Yahiouche,M,21,174,65,Algeria,ALG,1980 Summer,1980,Summer,Moskva,Swimming,Swimming Men's 100 metres Butterfly,
132176,Djamel Yahiouche,M,21,174,65,Algeria,ALG,1980 Summer,1980,Summer,Moskva,Swimming,Swimming Men's 200 metres Butterfly,
133250,Omar Yousfi,M,24,180,110,Algeria,ALG,1980 Summer,1980,Summer,Moskva,Weightlifting,Weightlifting Men's Heavyweight I,
133250,Omar Yousfi,M,32,180,110,Algeria,ALG,1988 Summer,1988,Summer,Seoul,Weightlifting,Weightlifting Men's Heavyweight II,
133979,Mohamed Zaoui,M,24,,,Algeria,ALG,1984 Summer,1984,Summer,Los Angeles,Boxing,Boxing Men's Middleweight,Bronze
134233,Messaoud Mohammed Zeghdane,M,27,178,74,Algeria,ALG,2008 Summer,2008,Summer,Beijing,Wrestling,"Wrestling Men's Middleweight, Greco-Roman",
134345,Slimane Zengli,M,23,170,54,Algeria,ALG,1988 Summer,1988,Summer,Seoul,Boxing,Boxing Men's Bantamweight,
134345,Slimane Zengli,M,27,170,54,Algeria,ALG,1992 Summer,1992,Summer,Barcelona,Boxing,Boxing Men's Bantamweight,
134369,Antar Zerguelaine,M,23,183,69,Algeria,ALG,2008 Summer,2008,Summer,Beijing,Athletics,"Athletics Men's 1,500 metres",
134909,Fateh Ziadi,M,35,179,84,Algeria,ALG,2012 Summer,2012,Summer,London,Shooting,"Shooting Men's Air Pistol, 10 metres",
134914,Rachid Ziar,M,30,175,60,Algeria,ALG,2004 Summer,2004,Summer,Athina,Athletics,Athletics Men's Marathon,
135287,Houd Zourdani,M,22,165,66,Algeria,ALG,2016 Summer,2016,Summer,Rio de Janeiro,Judo,Judo Men's Half-Lightweight,
