country,year,oil_production_barrels,region
Algeria,1965,569.94, Africa
Algeria,1966,733.59, Africa
Algeria,1967,842.66, Africa
Algeria,1968,922.5, Africa
Algeria,1969,969.33, Africa
Algeria,1970,1053.93, Africa
Algeria,1971,802.59, Africa
Algeria,1972,1081.05, Africa
Algeria,1973,1128.74, Africa
Algeria,1974,1045.98, Africa
Algeria,1975,1025.5, Africa
Algeria,1976,1144.41, Africa
Algeria,1977,1224.79, Africa
Algeria,1978,1252.73, Africa
Algeria,1979,1282.88, Africa
Algeria,1980,1134.18, Africa
Algeria,1981,1029.28, Africa
Algeria,1982,1039.66, Africa
Algeria,1983,1026.93, Africa
Algeria,1984,1122.49, Africa
Algeria,1985,1087.03, Africa
Algeria,1986,1126, Africa
Algeria,1987,1178.14, Africa
Algeria,1988,1232.92, Africa
Algeria,1989,1276.4, Africa
Algeria,1990,1366.6, Africa
Algeria,1991,1372.67, Africa
Algeria,1992,1320.57, Africa
Algeria,1993,1321.58, Africa
Algeria,1994,1317.14, Africa
Algeria,1995,1309.54, Africa
Algeria,1996,1378.67, Africa
Algeria,1997,1447.52, Africa
Algeria,1998,1452.01, Africa
Algeria,1999,1397.94, Africa
Algeria,2000,1549.13, Africa
Algeria,2001,1534.25, Africa
Algeria,2002,1653.01, Africa
Algeria,2003,1826.28, Africa
Algeria,2004,1920.66, Africa
Algeria,2005,1989.93, Africa
Algeria,2006,1979.5, Africa
Algeria,2007,1992.27, Africa
Algeria,2008,1950.98, Africa
Algeria,2009,1774.86, Africa
Algeria,2010,1689.15, Africa
Algeria,2011,1641.5, Africa
Algeria,2012,1536.81, Africa
Algeria,2013,1485.23, Africa
Algeria,2014,1589.09, Africa
Algeria,2015,1557.67, Africa
Algeria,2016,1577, Africa
Algeria,2017,1540.33, Africa
Algeria,2018,1509.73, Africa
Angola,1965,13.3, Africa
Angola,1966,12.81, Africa
Angola,1967,10.9, Africa
Angola,1968,15.18, Africa
Angola,1969,49.9, Africa
Angola,1970,102.83, Africa
Angola,1971,116.14, Africa
Angola,1972,142.88, Africa
Angola,1973,165.96, Africa
Angola,1974,173.39, Africa
Angola,1975,158.17, Africa
Angola,1976,153.14, Africa
Angola,1977,143.37, Africa
Angola,1978,131.33, Africa
Angola,1979,146.17, Africa
Angola,1980,150.39, Africa
Angola,1981,145.32, Africa
Angola,1982,130.13, Africa
Angola,1983,178.45, Africa
Angola,1984,203.96, Africa
Angola,1985,232.49, Africa
Angola,1986,282.72, Africa
Angola,1987,355.4, Africa
Angola,1988,451.89, Africa
Angola,1989,459.66, Africa
Angola,1990,474.65, Africa
Angola,1991,497.67, Africa
Angola,1992,549.74, Africa
Angola,1993,503.68, Africa
Angola,1994,556.74, Africa
Angola,1995,632.85, Africa
Angola,1996,715.98, Africa
Angola,1997,741, Africa
Angola,1998,730.85, Africa
Angola,1999,745.06, Africa
Angola,2000,746.06, Africa
Angola,2001,742.02, Africa
Angola,2002,905.44, Africa
Angola,2003,869.56, Africa
Angola,2004,1106.44, Africa
Angola,2005,1269.02, Africa
Angola,2006,1401.44, Africa
Angola,2007,1655.99, Africa
Angola,2008,1876.32, Africa
Angola,2009,1753.83, Africa
Angola,2010,1812.32, Africa
Angola,2011,1670.4, Africa
Angola,2012,1734.06, Africa
Angola,2013,1737.85, Africa
Angola,2014,1701.37, Africa
Angola,2015,1795.65, Africa
Angola,2016,1744.84, Africa
Angola,2017,1676.49, Africa
Angola,2018,1533.97, Africa
Chad,1965,, Africa
Chad,1966,, Africa
Chad,1967,, Africa
Chad,1968,, Africa
Chad,1969,, Africa
Chad,1970,, Africa
Chad,1971,, Africa
Chad,1972,, Africa
Chad,1973,, Africa
Chad,1974,, Africa
Chad,1975,, Africa
Chad,1976,, Africa
Chad,1977,, Africa
Chad,1978,, Africa
Chad,1979,, Africa
Chad,1980,, Africa
Chad,1981,, Africa
Chad,1982,, Africa
Chad,1983,, Africa
Chad,1984,, Africa
Chad,1985,, Africa
Chad,1986,, Africa
Chad,1987,, Africa
Chad,1988,, Africa
Chad,1989,, Africa
Chad,1990,, Africa
Chad,1991,, Africa
Chad,1992,, Africa
Chad,1993,, Africa
Chad,1994,, Africa
Chad,1995,, Africa
Chad,1996,, Africa
Chad,1997,, Africa
Chad,1998,, Africa
Chad,1999,, Africa
Chad,2000,, Africa
Chad,2001,, Africa
Chad,2002,, Africa
Chad,2003,23.56, Africa
Chad,2004,167.76, Africa
Chad,2005,173.42, Africa
Chad,2006,153.15, Africa
Chad,2007,143.56, Africa
Chad,2008,127.05, Africa
Chad,2009,117.81, Africa
Chad,2010,121.92, Africa
Chad,2011,113.7, Africa
Chad,2012,100.82, Africa
Chad,2013,90.64, Africa
Chad,2014,88.8, Africa
Chad,2015,110.61, Africa
Chad,2016,102.96, Africa
Chad,2017,103.77, Africa
Chad,2018,100.59, Africa
Egypt,1965,126.01, Africa
Egypt,1966,121.71, Africa
Egypt,1967,108.56, Africa
Egypt,1968,166.38, Africa
Egypt,1969,239.16, Africa
Egypt,1970,319.09, Africa
Egypt,1971,290.85, Africa
Egypt,1972,207.96, Africa
Egypt,1973,164.93, Africa
Egypt,1974,144.98, Africa
Egypt,1975,228.25, Africa
Egypt,1976,322.22, Africa
Egypt,1977,406.55, Africa
Egypt,1978,490.74, Africa
Egypt,1979,509.32, Africa
Egypt,1980,580.12, Africa
Egypt,1981,628, Africa
Egypt,1982,650.79, Africa
Egypt,1983,711.81, Africa
Egypt,1984,815.94, Africa
Egypt,1985,882.03, Africa
Egypt,1986,806.47, Africa
Egypt,1987,907.48, Africa
Egypt,1988,868.77, Africa
Egypt,1989,878.02, Africa
Egypt,1990,897.13, Africa
Egypt,1991,895.72, Africa
Egypt,1992,905.97, Africa
Egypt,1993,940.69, Africa
Egypt,1994,921.43, Africa
Egypt,1995,923.51, Africa
Egypt,1996,893.83, Africa
Egypt,1997,872.5, Africa
Egypt,1998,856.73, Africa
Egypt,1999,827.45, Africa
Egypt,2000,778.74, Africa
Egypt,2001,758.44, Africa
Egypt,2002,751.42, Africa
Egypt,2003,749.52, Africa
Egypt,2004,701.06, Africa
Egypt,2005,671.84, Africa
Egypt,2006,678.67, Africa
Egypt,2007,698.44, Africa
Egypt,2008,715.3, Africa
Egypt,2009,729.99, Africa
Egypt,2010,724.66, Africa
Egypt,2011,714.34, Africa
Egypt,2012,715.3, Africa
Egypt,2013,709.81, Africa
Egypt,2014,714.45, Africa
Egypt,2015,726.25, Africa
Egypt,2016,691.39, Africa
Egypt,2017,660.2, Africa
Egypt,2018,669.76, Africa
Equatorial Guinea,1965,, Africa
Equatorial Guinea,1966,, Africa
Equatorial Guinea,1967,, Africa
Equatorial Guinea,1968,, Africa
Equatorial Guinea,1969,, Africa
Equatorial Guinea,1970,, Africa
Equatorial Guinea,1971,, Africa
Equatorial Guinea,1972,, Africa
Equatorial Guinea,1973,, Africa
Equatorial Guinea,1974,, Africa
Equatorial Guinea,1975,, Africa
Equatorial Guinea,1976,, Africa
Equatorial Guinea,1977,, Africa
Equatorial Guinea,1978,, Africa
Equatorial Guinea,1979,, Africa
Equatorial Guinea,1980,, Africa
Equatorial Guinea,1981,, Africa
Equatorial Guinea,1982,, Africa
Equatorial Guinea,1983,, Africa
Equatorial Guinea,1984,, Africa
Equatorial Guinea,1985,, Africa
Equatorial Guinea,1986,, Africa
Equatorial Guinea,1987,, Africa
Equatorial Guinea,1988,, Africa
Equatorial Guinea,1989,, Africa
Equatorial Guinea,1990,, Africa
Equatorial Guinea,1991,, Africa
Equatorial Guinea,1992,2, Africa
Equatorial Guinea,1993,5, Africa
Equatorial Guinea,1994,5, Africa
Equatorial Guinea,1995,7, Africa
Equatorial Guinea,1996,17, Africa
Equatorial Guinea,1997,60, Africa
Equatorial Guinea,1998,83, Africa
Equatorial Guinea,1999,100, Africa
Equatorial Guinea,2000,118, Africa
Equatorial Guinea,2001,194, Africa
Equatorial Guinea,2002,230, Africa
Equatorial Guinea,2003,266, Africa
Equatorial Guinea,2004,351, Africa
Equatorial Guinea,2005,380.18, Africa
Equatorial Guinea,2006,364.3, Africa
Equatorial Guinea,2007,373.6, Africa
Equatorial Guinea,2008,369.11, Africa
Equatorial Guinea,2009,332.05, Africa
Equatorial Guinea,2010,306.11, Africa
Equatorial Guinea,2011,300.64, Africa
Equatorial Guinea,2012,319.73, Africa
Equatorial Guinea,2013,282.14, Africa
Equatorial Guinea,2014,284.4, Africa
Equatorial Guinea,2015,259.73, Africa
Equatorial Guinea,2016,223.08, Africa
Equatorial Guinea,2017,195.28, Africa
Equatorial Guinea,2018,190.15, Africa
Gabon,1965,25.33, Africa
Gabon,1966,28.98, Africa
Gabon,1967,68.99, Africa
Gabon,1968,92.69, Africa
Gabon,1969,100.68, Africa
Gabon,1970,108.61, Africa
Gabon,1971,116.06, Africa
Gabon,1972,125.89, Africa
Gabon,1973,152.15, Africa
Gabon,1974,204.32, Africa
Gabon,1975,226.61, Africa
Gabon,1976,226.17, Africa
Gabon,1977,225.65, Africa
Gabon,1978,212.29, Africa
Gabon,1979,196.23, Africa
Gabon,1980,177.66, Africa
Gabon,1981,153.25, Africa
Gabon,1982,156.05, Africa
Gabon,1983,157.6, Africa
Gabon,1984,174.36, Africa
Gabon,1985,172.76, Africa
Gabon,1986,166.13, Africa
Gabon,1987,154.79, Africa
Gabon,1988,177.6, Africa
Gabon,1989,204.82, Africa
Gabon,1990,270.23, Africa
Gabon,1991,294.56, Africa
Gabon,1992,288.65, Africa
Gabon,1993,304.88, Africa
Gabon,1994,337.2, Africa
Gabon,1995,355.61, Africa
Gabon,1996,364.5, Africa
Gabon,1997,364.38, Africa
Gabon,1998,337.42, Africa
Gabon,1999,339.97, Africa
Gabon,2000,276, Africa
Gabon,2001,262, Africa
Gabon,2002,256, Africa
Gabon,2003,274, Africa
Gabon,2004,273, Africa
Gabon,2005,270.33, Africa
Gabon,2006,241.94, Africa
Gabon,2007,245.56, Africa
Gabon,2008,239.57, Africa
Gabon,2009,241, Africa
Gabon,2010,233.19, Africa
Gabon,2011,236.28, Africa
Gabon,2012,221.15, Africa
Gabon,2013,213.41, Africa
Gabon,2014,210.91, Africa
Gabon,2015,213.54, Africa
Gabon,2016,220.66, Africa
Gabon,2017,210.07, Africa
Gabon,2018,194, Africa
Libya,1965,1220, Africa
Libya,1966,1508, Africa
Libya,1967,1733, Africa
Libya,1968,2599, Africa
Libya,1969,3108, Africa
Libya,1970,3357, Africa
Libya,1971,2750, Africa
Libya,1972,2248, Africa
Libya,1973,2211, Africa
Libya,1974,1558, Africa
Libya,1975,1514, Africa
Libya,1976,1972, Africa
Libya,1977,2108, Africa
Libya,1978,2023, Africa
Libya,1979,2139, Africa
Libya,1980,1862, Africa
Libya,1981,1253, Africa
Libya,1982,1176, Africa
Libya,1983,1151, Africa
Libya,1984,1022, Africa
Libya,1985,1025, Africa
Libya,1986,1064, Africa
Libya,1987,1003, Africa
Libya,1988,1051, Africa
Libya,1989,1164, Africa
Libya,1990,1424, Africa
Libya,1991,1439, Africa
Libya,1992,1473, Africa
Libya,1993,1402, Africa
Libya,1994,1431, Africa
Libya,1995,1439, Africa
Libya,1996,1452, Africa
Libya,1997,1491, Africa
Libya,1998,1480, Africa
Libya,1999,1425, Africa
Libya,2000,1474.59, Africa
Libya,2001,1427.72, Africa
Libya,2002,1374.88, Africa
Libya,2003,1485, Africa
Libya,2004,1622.26, Africa
Libya,2005,1744.69, Africa
Libya,2006,1872.15, Africa
Libya,2007,1908.23, Africa
Libya,2008,1875.47, Africa
Libya,2009,1738.78, Africa
Libya,2010,1798.96, Africa
Libya,2011,516.03, Africa
Libya,2012,1538.53, Africa
Libya,2013,1047.84, Africa
Libya,2014,517.73, Africa
Libya,2015,436.64, Africa
Libya,2016,411.78, Africa
Libya,2017,928.95, Africa
Libya,2018,1009.53, Africa
Nigeria,1965,274.2, Africa
Nigeria,1966,417.6, Africa
Nigeria,1967,319.1, Africa
Nigeria,1968,141.3, Africa
Nigeria,1969,540.3, Africa
Nigeria,1970,1083.1, Africa
Nigeria,1971,1531.2, Africa
Nigeria,1972,1815.7, Africa
Nigeria,1973,2054.3, Africa
Nigeria,1974,2255, Africa
Nigeria,1975,1783.2, Africa
Nigeria,1976,2066.79, Africa
Nigeria,1977,2085.1, Africa
Nigeria,1978,1896.99, Africa
Nigeria,1979,2301.99, Africa
Nigeria,1980,2058, Africa
Nigeria,1981,1439.6, Africa
Nigeria,1982,1287, Africa
Nigeria,1983,1235.5, Africa
Nigeria,1984,1388, Africa
Nigeria,1985,1498.9, Africa
Nigeria,1986,1466.6, Africa
Nigeria,1987,1353, Africa
Nigeria,1988,1391.35, Africa
Nigeria,1989,1776.3, Africa
Nigeria,1990,1786.7, Africa
Nigeria,1991,1963.1, Africa
Nigeria,1992,2032, Africa
Nigeria,1993,2018.2, Africa
Nigeria,1994,1933.88, Africa
Nigeria,1995,1948.59, Africa
Nigeria,1996,1971.07, Africa
Nigeria,1997,1977.74, Africa
Nigeria,1998,2023.05, Africa
Nigeria,1999,1894.5, Africa
Nigeria,2000,2174.35, Africa
Nigeria,2001,2157.5, Africa
Nigeria,2002,1951.11, Africa
Nigeria,2003,2298.78, Africa
Nigeria,2004,2486.55, Africa
Nigeria,2005,2481.99, Africa
Nigeria,2006,2371.12, Africa
Nigeria,2007,2206.31, Africa
Nigeria,2008,2172.41, Africa
Nigeria,2009,2210.97, Africa
Nigeria,2010,2533.09, Africa
Nigeria,2011,2461.28, Africa
Nigeria,2012,2411.57, Africa
Nigeria,2013,2278.7, Africa
Nigeria,2014,2276.01, Africa
Nigeria,2015,2201.41, Africa
Nigeria,2016,1899.91, Africa
Nigeria,2017,1991.39, Africa
Nigeria,2018,2051.28, Africa
Other Africa,1965,2.14, Africa
Other Africa,1966,2.14, Africa
Other Africa,1967,2.06, Africa
Other Africa,1968,1.84, Africa
Other Africa,1969,1.2, Africa
Other Africa,1970,0.91, Africa
Other Africa,1971,0.48, Africa
Other Africa,1972,0.58, Africa
Other Africa,1973,0.87, Africa
Other Africa,1974,0.52, Africa
Other Africa,1975,0.42, Africa
Other Africa,1976,25.19, Africa
Other Africa,1977,24.21, Africa
Other Africa,1978,30.84, Africa
Other Africa,1979,55, Africa
Other Africa,1980,77.54, Africa
Other Africa,1981,119.13, Africa
Other Africa,1982,149.31, Africa
Other Africa,1983,163.01, Africa
Other Africa,1984,205.29, Africa
Other Africa,1985,241.48, Africa
Other Africa,1986,232.71, Africa
Other Africa,1987,218.85, Africa
Other Africa,1988,211.12, Africa
Other Africa,1989,195.84, Africa
Other Africa,1990,189.85, Africa
Other Africa,1991,175.96, Africa
Other Africa,1992,163.12, Africa
Other Africa,1993,166.27, Africa
Other Africa,1994,157.15, Africa
Other Africa,1995,157.17, Africa
Other Africa,1996,171.87, Africa
Other Africa,1997,188.14, Africa
Other Africa,1998,167.55, Africa
Other Africa,1999,150.51, Africa
Other Africa,2000,145.08, Africa
Other Africa,2001,136.24, Africa
Other Africa,2002,136.36, Africa
Other Africa,2003,140.26, Africa
Other Africa,2004,172.67, Africa
Other Africa,2005,177.2, Africa
Other Africa,2006,227.04, Africa
Other Africa,2007,191.12, Africa
Other Africa,2008,183.73, Africa
Other Africa,2009,181.48, Africa
Other Africa,2010,148.81, Africa
Other Africa,2011,197.95, Africa
Other Africa,2012,196, Africa
Other Africa,2013,225.38, Africa
Other Africa,2014,233.86, Africa
Other Africa,2015,276.44, Africa
Other Africa,2016,258.89, Africa
Other Africa,2017,303.64, Africa
Other Africa,2018,319.97, Africa
Republic of Congo,1965,1.38, Africa
Republic of Congo,1966,1.2, Africa
Republic of Congo,1967,0.97, Africa
Republic of Congo,1968,0.83, Africa
Republic of Congo,1969,0.47, Africa
Republic of Congo,1970,0.37, Africa
Republic of Congo,1971,0.27, Africa
Republic of Congo,1972,6.5, Africa
Republic of Congo,1973,40.56, Africa
Republic of Congo,1974,47.62, Africa
Republic of Congo,1975,34.7, Africa
Republic of Congo,1976,40.62, Africa
Republic of Congo,1977,31.79, Africa
Republic of Congo,1978,47.14, Africa
Republic of Congo,1979,53.58, Africa
Republic of Congo,1980,61.28, Africa
Republic of Congo,1981,79.55, Africa
Republic of Congo,1982,88.32, Africa
Republic of Congo,1983,104.07, Africa
Republic of Congo,1984,116.55, Africa
Republic of Congo,1985,115.16, Africa
Republic of Congo,1986,115.43, Africa
Republic of Congo,1987,122.53, Africa
Republic of Congo,1988,136.14, Africa
Republic of Congo,1989,154.44, Africa
Republic of Congo,1990,155.74, Africa
Republic of Congo,1991,156.23, Africa
Republic of Congo,1992,167.1, Africa
Republic of Congo,1993,185.01, Africa
Republic of Congo,1994,185.48, Africa
Republic of Congo,1995,179.75, Africa
Republic of Congo,1996,200.39, Africa
Republic of Congo,1997,224.74, Africa
Republic of Congo,1998,263.78, Africa
Republic of Congo,1999,266.27, Africa
Republic of Congo,2000,265, Africa
Republic of Congo,2001,248, Africa
Republic of Congo,2002,238, Africa
Republic of Congo,2003,217, Africa
Republic of Congo,2004,225, Africa
Republic of Congo,2005,246.78, Africa
Republic of Congo,2006,278.43, Africa
Republic of Congo,2007,223.93, Africa
Republic of Congo,2008,236.74, Africa
Republic of Congo,2009,276.09, Africa
Republic of Congo,2010,313.89, Africa
Republic of Congo,2011,300.56, Africa
Republic of Congo,2012,279.97, Africa
Republic of Congo,2013,242.55, Africa
Republic of Congo,2014,253.18, Africa
Republic of Congo,2015,234.21, Africa
Republic of Congo,2016,231.65, Africa
Republic of Congo,2017,269.3, Africa
Republic of Congo,2018,332.95, Africa
South Sudan,1965,, Africa
South Sudan,1966,, Africa
South Sudan,1967,, Africa
South Sudan,1968,, Africa
South Sudan,1969,, Africa
South Sudan,1970,, Africa
South Sudan,1971,, Africa
South Sudan,1972,, Africa
South Sudan,1973,, Africa
South Sudan,1974,, Africa
South Sudan,1975,, Africa
South Sudan,1976,, Africa
South Sudan,1977,, Africa
South Sudan,1978,, Africa
South Sudan,1979,, Africa
South Sudan,1980,, Africa
South Sudan,1981,, Africa
South Sudan,1982,, Africa
South Sudan,1983,, Africa
South Sudan,1984,, Africa
South Sudan,1985,, Africa
South Sudan,1986,, Africa
South Sudan,1987,, Africa
South Sudan,1988,, Africa
South Sudan,1989,, Africa
South Sudan,1990,, Africa
South Sudan,1991,, Africa
South Sudan,1992,, Africa
South Sudan,1993,, Africa
South Sudan,1994,, Africa
South Sudan,1995,, Africa
South Sudan,1996,, Africa
South Sudan,1997,, Africa
South Sudan,1998,, Africa
South Sudan,1999,, Africa
South Sudan,2000,, Africa
South Sudan,2001,, Africa
South Sudan,2002,, Africa
South Sudan,2003,, Africa
South Sudan,2004,, Africa
South Sudan,2005,, Africa
South Sudan,2006,, Africa
South Sudan,2007,, Africa
South Sudan,2008,, Africa
South Sudan,2009,, Africa
South Sudan,2010,, Africa
South Sudan,2011,, Africa
South Sudan,2012,31.04, Africa
South Sudan,2013,99.73, Africa
South Sudan,2014,155.35, Africa
South Sudan,2015,147.74, Africa
South Sudan,2016,117.21, Africa
South Sudan,2017,111.2, Africa
South Sudan,2018,130.72, Africa
Sudan,1965,, Africa
Sudan,1966,, Africa
Sudan,1967,, Africa
Sudan,1968,, Africa
Sudan,1969,, Africa
Sudan,1970,, Africa
Sudan,1971,, Africa
Sudan,1972,, Africa
Sudan,1973,, Africa
Sudan,1974,, Africa
Sudan,1975,, Africa
Sudan,1976,, Africa
Sudan,1977,, Africa
Sudan,1978,, Africa
Sudan,1979,, Africa
Sudan,1980,, Africa
Sudan,1981,, Africa
Sudan,1982,, Africa
Sudan,1983,, Africa
Sudan,1984,, Africa
Sudan,1985,, Africa
Sudan,1986,, Africa
Sudan,1987,, Africa
Sudan,1988,, Africa
Sudan,1989,, Africa
Sudan,1990,, Africa
Sudan,1991,, Africa
Sudan,1992,, Africa
Sudan,1993,2, Africa
Sudan,1994,2, Africa
Sudan,1995,2, Africa
Sudan,1996,5, Africa
Sudan,1997,9, Africa
Sudan,1998,12, Africa
Sudan,1999,63, Africa
Sudan,2000,179.13, Africa
Sudan,2001,209.01, Africa
Sudan,2002,236.18, Africa
Sudan,2003,262.13, Africa
Sudan,2004,291.14, Africa
Sudan,2005,293.68, Africa
Sudan,2006,356.16, Africa
Sudan,2007,483.12, Africa
Sudan,2008,456.95, Africa
Sudan,2009,475.21, Africa
Sudan,2010,462.07, Africa
Sudan,2011,291, Africa
Sudan,2012,103.11, Africa
Sudan,2013,117.85, Africa
Sudan,2014,119.6, Africa
Sudan,2015,109.06, Africa
Sudan,2016,103.61, Africa
Sudan,2017,94.62, Africa
Sudan,2018,100.04, Africa
Tunisia,1965,, Africa
Tunisia,1966,16.24, Africa
Tunisia,1967,47.21, Africa
Tunisia,1968,67.05, Africa
Tunisia,1969,78.1, Africa
Tunisia,1970,87.46, Africa
Tunisia,1971,86.57, Africa
Tunisia,1972,83.56, Africa
Tunisia,1973,81.7, Africa
Tunisia,1974,87.2, Africa
Tunisia,1975,97.1, Africa
Tunisia,1976,77.95, Africa
Tunisia,1977,90.68, Africa
Tunisia,1978,104.16, Africa
Tunisia,1979,116.64, Africa
Tunisia,1980,118.23, Africa
Tunisia,1981,113.92, Africa
Tunisia,1982,108.42, Africa
Tunisia,1983,116.55, Africa
Tunisia,1984,115.14, Africa
Tunisia,1985,113.94, Africa
Tunisia,1986,110.61, Africa
Tunisia,1987,105.62, Africa
Tunisia,1988,103.89, Africa
Tunisia,1989,104.71, Africa
Tunisia,1990,101.75, Africa
Tunisia,1991,116.6, Africa
Tunisia,1992,116.62, Africa
Tunisia,1993,105.95, Africa
Tunisia,1994,97.63, Africa
Tunisia,1995,95.22, Africa
Tunisia,1996,94.24, Africa
Tunisia,1997,89.61, Africa
Tunisia,1998,87.52, Africa
Tunisia,1999,90.18, Africa
Tunisia,2000,82.4, Africa
Tunisia,2001,76.12, Africa
Tunisia,2002,79.55, Africa
Tunisia,2003,72.79, Africa
Tunisia,2004,74.82, Africa
Tunisia,2005,78.37, Africa
Tunisia,2006,75.65, Africa
Tunisia,2007,104.2, Africa
Tunisia,2008,95.72, Africa
Tunisia,2009,91.29, Africa
Tunisia,2010,82.9, Africa
Tunisia,2011,76.56, Africa
Tunisia,2012,82.15, Africa
Tunisia,2013,76.25, Africa
Tunisia,2014,71.02, Africa
Tunisia,2015,63.63, Africa
Tunisia,2016,59.72, Africa
Tunisia,2017,48.09, Africa
Tunisia,2018,50.18, Africa
Australia,1965,7, Asia Pacific
Australia,1966,9, Asia Pacific
Australia,1967,21, Asia Pacific
Australia,1968,39, Asia Pacific
Australia,1969,45, Asia Pacific
Australia,1970,176, Asia Pacific
Australia,1971,315, Asia Pacific
Australia,1972,337, Asia Pacific
Australia,1973,424, Asia Pacific
Australia,1974,420, Asia Pacific
Australia,1975,451, Asia Pacific
Australia,1976,461, Asia Pacific
Australia,1977,490, Asia Pacific
Australia,1978,490, Asia Pacific
Australia,1979,491, Asia Pacific
Australia,1980,460, Asia Pacific
Australia,1981,449, Asia Pacific
Australia,1982,443, Asia Pacific
Australia,1983,431, Asia Pacific
Australia,1984,562.77, Asia Pacific
Australia,1985,655.2, Asia Pacific
Australia,1986,588.22, Asia Pacific
Australia,1987,623.41, Asia Pacific
Australia,1988,592.69, Asia Pacific
Australia,1989,562.36, Asia Pacific
Australia,1990,647.18, Asia Pacific
Australia,1991,613.09, Asia Pacific
Australia,1992,605.03, Asia Pacific
Australia,1993,567.79, Asia Pacific
Australia,1994,609.99, Asia Pacific
Australia,1995,578.84, Asia Pacific
Australia,1996,611.57, Asia Pacific
Australia,1997,658.27, Asia Pacific
Australia,1998,630.1, Asia Pacific
Australia,1999,612.48, Asia Pacific
Australia,2000,805.6, Asia Pacific
Australia,2001,747.97, Asia Pacific
Australia,2002,748.87, Asia Pacific
Australia,2003,654.85, Asia Pacific
Australia,2004,574.03, Asia Pacific
Australia,2005,569.81, Asia Pacific
Australia,2006,531.65, Asia Pacific
Australia,2007,549.41, Asia Pacific
Australia,2008,537.79, Asia Pacific
Australia,2009,507.19, Asia Pacific
Australia,2010,547.84, Asia Pacific
Australia,2011,482.57, Asia Pacific
Australia,2012,478.63, Asia Pacific
Australia,2013,406.88, Asia Pacific
Australia,2014,435.85, Asia Pacific
Australia,2015,384.28, Asia Pacific
Australia,2016,361.06, Asia Pacific
Australia,2017,348.14, Asia Pacific
Australia,2018,355.85, Asia Pacific
Brunei,1965,80, Asia Pacific
Brunei,1966,96, Asia Pacific
Brunei,1967,104, Asia Pacific
Brunei,1968,122, Asia Pacific
Brunei,1969,124, Asia Pacific
Brunei,1970,136, Asia Pacific
Brunei,1971,129, Asia Pacific
Brunei,1972,182, Asia Pacific
Brunei,1973,231, Asia Pacific
Brunei,1974,198, Asia Pacific
Brunei,1975,187, Asia Pacific
Brunei,1976,217, Asia Pacific
Brunei,1977,227, Asia Pacific
Brunei,1978,240, Asia Pacific
Brunei,1979,261, Asia Pacific
Brunei,1980,240, Asia Pacific
Brunei,1981,175, Asia Pacific
Brunei,1982,179, Asia Pacific
Brunei,1983,179, Asia Pacific
Brunei,1984,172, Asia Pacific
Brunei,1985,168, Asia Pacific
Brunei,1986,165, Asia Pacific
Brunei,1987,155, Asia Pacific
Brunei,1988,150, Asia Pacific
Brunei,1989,150, Asia Pacific
Brunei,1990,152, Asia Pacific
Brunei,1991,164, Asia Pacific
Brunei,1992,182, Asia Pacific
Brunei,1993,175, Asia Pacific
Brunei,1994,179, Asia Pacific
Brunei,1995,175, Asia Pacific
Brunei,1996,165, Asia Pacific
Brunei,1997,163, Asia Pacific
Brunei,1998,157, Asia Pacific
Brunei,1999,182, Asia Pacific
Brunei,2000,193, Asia Pacific
Brunei,2001,203, Asia Pacific
Brunei,2002,210, Asia Pacific
Brunei,2003,214, Asia Pacific
Brunei,2004,210.44, Asia Pacific
Brunei,2005,206.02, Asia Pacific
Brunei,2006,220.75, Asia Pacific
Brunei,2007,194.21, Asia Pacific
Brunei,2008,174.8, Asia Pacific
Brunei,2009,168.36, Asia Pacific
Brunei,2010,172.19, Asia Pacific
Brunei,2011,165.36, Asia Pacific
Brunei,2012,159.03, Asia Pacific
Brunei,2013,135.16, Asia Pacific
Brunei,2014,126.42, Asia Pacific
Brunei,2015,126.75, Asia Pacific
Brunei,2016,120.91, Asia Pacific
Brunei,2017,113.17, Asia Pacific
Brunei,2018,111.51, Asia Pacific
China,1965,227.13, Asia Pacific
China,1966,292.2, Asia Pacific
China,1967,278.74, Asia Pacific
China,1968,320.24, Asia Pacific
China,1969,436.59, Asia Pacific
China,1970,615.52, Asia Pacific
China,1971,791.44, Asia Pacific
China,1972,914.65, Asia Pacific
China,1973,1076.61, Asia Pacific
China,1974,1302.33, Asia Pacific
China,1975,1547.53, Asia Pacific
China,1976,1745.58, Asia Pacific
China,1977,1880.5, Asia Pacific
China,1978,2089.55, Asia Pacific
China,1979,2131.72, Asia Pacific
China,1980,2121.89, Asia Pacific
China,1981,2032.72, Asia Pacific
China,1982,2050.79, Asia Pacific
China,1983,2130.12, Asia Pacific
China,1984,2295.33, Asia Pacific
China,1985,2508.27, Asia Pacific
China,1986,2624.54, Asia Pacific
China,1987,2693.83, Asia Pacific
China,1988,2744.74, Asia Pacific
China,1989,2764.11, Asia Pacific
China,1990,2777.57, Asia Pacific
China,1991,2831.39, Asia Pacific
China,1992,2844.68, Asia Pacific
China,1993,2892.44, Asia Pacific
China,1994,2933.61, Asia Pacific
China,1995,2992.65, Asia Pacific
China,1996,3174.73, Asia Pacific
China,1997,3215.76, Asia Pacific
China,1998,3216.77, Asia Pacific
China,1999,3217.57, Asia Pacific
China,2000,3256.84, Asia Pacific
China,2001,3310.15, Asia Pacific
China,2002,3351.04, Asia Pacific
China,2003,3405.64, Asia Pacific
China,2004,3485.78, Asia Pacific
China,2005,3641.96, Asia Pacific
China,2006,3710.5, Asia Pacific
China,2007,3741.68, Asia Pacific
China,2008,3814, Asia Pacific
China,2009,3805.37, Asia Pacific
China,2010,4076.97, Asia Pacific
China,2011,4074.18, Asia Pacific
China,2012,4155.23, Asia Pacific
China,2013,4216.44, Asia Pacific
China,2014,4245.96, Asia Pacific
China,2015,4308.84, Asia Pacific
China,2016,3999.16, Asia Pacific
China,2017,3845.86, Asia Pacific
China,2018,3797.66, Asia Pacific
India,1965,62.34, Asia Pacific
India,1966,95.87, Asia Pacific
India,1967,116.91, Asia Pacific
India,1968,120.42, Asia Pacific
India,1969,138.7, Asia Pacific
India,1970,140.47, Asia Pacific
India,1971,148.23, Asia Pacific
India,1972,151.69, Asia Pacific
India,1973,148.5, Asia Pacific
India,1974,154.52, Asia Pacific
India,1975,170.88, Asia Pacific
India,1976,178.15, Asia Pacific
India,1977,210.12, Asia Pacific
India,1978,232.52, Asia Pacific
India,1979,264.87, Asia Pacific
India,1980,193.37, Asia Pacific
India,1981,309.49, Asia Pacific
India,1982,411.79, Asia Pacific
India,1983,525.42, Asia Pacific
India,1984,582.96, Asia Pacific
India,1985,626.88, Asia Pacific
India,1986,657.55, Asia Pacific
India,1987,639.06, Asia Pacific
India,1988,672.1, Asia Pacific
India,1989,719.21, Asia Pacific
India,1990,714.54, Asia Pacific
India,1991,676.96, Asia Pacific
India,1992,615.06, Asia Pacific
India,1993,590.31, Asia Pacific
India,1994,683.66, Asia Pacific
India,1995,773.86, Asia Pacific
India,1996,736.11, Asia Pacific
India,1997,753.69, Asia Pacific
India,1998,736.83, Asia Pacific
India,1999,736.24, Asia Pacific
India,2000,725.57, Asia Pacific
India,2001,729.66, Asia Pacific
India,2002,753.25, Asia Pacific
India,2003,761.24, Asia Pacific
India,2004,777.02, Asia Pacific
India,2005,755.12, Asia Pacific
India,2006,777.66, Asia Pacific
India,2007,785.71, Asia Pacific
India,2008,818.1, Asia Pacific
India,2009,837.68, Asia Pacific
India,2010,901.39, Asia Pacific
India,2011,936.79, Asia Pacific
India,2012,925.71, Asia Pacific
India,2013,925.89, Asia Pacific
India,2014,905.39, Asia Pacific
India,2015,893.46, Asia Pacific
India,2016,873.75, Asia Pacific
India,2017,884.31, Asia Pacific
India,2018,868.89, Asia Pacific
Indonesia,1965,486, Asia Pacific
Indonesia,1966,474, Asia Pacific
Indonesia,1967,510, Asia Pacific
Indonesia,1968,599, Asia Pacific
Indonesia,1969,642, Asia Pacific
Indonesia,1970,854, Asia Pacific
Indonesia,1971,892, Asia Pacific
Indonesia,1972,1081, Asia Pacific
Indonesia,1973,1338, Asia Pacific
Indonesia,1974,1375, Asia Pacific
Indonesia,1975,1306, Asia Pacific
Indonesia,1976,1504, Asia Pacific
Indonesia,1977,1685, Asia Pacific
Indonesia,1978,1635, Asia Pacific
Indonesia,1979,1590, Asia Pacific
Indonesia,1980,1577, Asia Pacific
Indonesia,1981,1602, Asia Pacific
Indonesia,1982,1337, Asia Pacific
Indonesia,1983,1419, Asia Pacific
Indonesia,1984,1505, Asia Pacific
Indonesia,1985,1342, Asia Pacific
Indonesia,1986,1429, Asia Pacific
Indonesia,1987,1420, Asia Pacific
Indonesia,1988,1373, Asia Pacific
Indonesia,1989,1481, Asia Pacific
Indonesia,1990,1539, Asia Pacific
Indonesia,1991,1669, Asia Pacific
Indonesia,1992,1579, Asia Pacific
Indonesia,1993,1588, Asia Pacific
Indonesia,1994,1589, Asia Pacific
Indonesia,1995,1578, Asia Pacific
Indonesia,1996,1580, Asia Pacific
Indonesia,1997,1557, Asia Pacific
Indonesia,1998,1520, Asia Pacific
Indonesia,1999,1408, Asia Pacific
Indonesia,2000,1455.57, Asia Pacific
Indonesia,2001,1387.04, Asia Pacific
Indonesia,2002,1289.46, Asia Pacific
Indonesia,2003,1175.55, Asia Pacific
Indonesia,2004,1129.71, Asia Pacific
Indonesia,2005,1095.69, Asia Pacific
Indonesia,2006,1017.76, Asia Pacific
Indonesia,2007,971.75, Asia Pacific
Indonesia,2008,1005.64, Asia Pacific
Indonesia,2009,994.27, Asia Pacific
Indonesia,2010,1003.02, Asia Pacific
Indonesia,2011,952.28, Asia Pacific
Indonesia,2012,917.01, Asia Pacific
Indonesia,2013,882.98, Asia Pacific
Indonesia,2014,847.04, Asia Pacific
Indonesia,2015,837.65, Asia Pacific
Indonesia,2016,875.75, Asia Pacific
Indonesia,2017,837.97, Asia Pacific
Indonesia,2018,808.48, Asia Pacific
Malaysia,1965,1, Asia Pacific
Malaysia,1966,1, Asia Pacific
Malaysia,1967,1, Asia Pacific
Malaysia,1968,4, Asia Pacific
Malaysia,1969,9, Asia Pacific
Malaysia,1970,18, Asia Pacific
Malaysia,1971,69, Asia Pacific
Malaysia,1972,93, Asia Pacific
Malaysia,1973,91, Asia Pacific
Malaysia,1974,81, Asia Pacific
Malaysia,1975,98, Asia Pacific
Malaysia,1976,167, Asia Pacific
Malaysia,1977,183, Asia Pacific
Malaysia,1978,216, Asia Pacific
Malaysia,1979,282, Asia Pacific
Malaysia,1980,276, Asia Pacific
Malaysia,1981,259, Asia Pacific
Malaysia,1982,304, Asia Pacific
Malaysia,1983,385, Asia Pacific
Malaysia,1984,446, Asia Pacific
Malaysia,1985,445, Asia Pacific
Malaysia,1986,500, Asia Pacific
Malaysia,1987,494, Asia Pacific
Malaysia,1988,540, Asia Pacific
Malaysia,1989,589, Asia Pacific
Malaysia,1990,622, Asia Pacific
Malaysia,1991,648, Asia Pacific
Malaysia,1992,657, Asia Pacific
Malaysia,1993,645, Asia Pacific
Malaysia,1994,657, Asia Pacific
Malaysia,1995,704, Asia Pacific
Malaysia,1996,716, Asia Pacific
Malaysia,1997,714, Asia Pacific
Malaysia,1998,725, Asia Pacific
Malaysia,1999,691, Asia Pacific
Malaysia,2000,723.61, Asia Pacific
Malaysia,2001,703.77, Asia Pacific
Malaysia,2002,741.36, Asia Pacific
Malaysia,2003,760.78, Asia Pacific
Malaysia,2004,776.95, Asia Pacific
Malaysia,2005,741.54, Asia Pacific
Malaysia,2006,696.8, Asia Pacific
Malaysia,2007,725.47, Asia Pacific
Malaysia,2008,727.17, Asia Pacific
Malaysia,2009,688.02, Asia Pacific
Malaysia,2010,732.65, Asia Pacific
Malaysia,2011,659.34, Asia Pacific
Malaysia,2012,662.63, Asia Pacific
Malaysia,2013,627.02, Asia Pacific
Malaysia,2014,648.82, Asia Pacific
Malaysia,2015,696.32, Asia Pacific
Malaysia,2016,703.56, Asia Pacific
Malaysia,2017,682.8, Asia Pacific
Malaysia,2018,681.91, Asia Pacific
Other Asia Pacific,1965,35.11, Asia Pacific
Other Asia Pacific,1966,34.09, Asia Pacific
Other Asia Pacific,1967,31.09, Asia Pacific
Other Asia Pacific,1968,35.11, Asia Pacific
Other Asia Pacific,1969,36.43, Asia Pacific
Other Asia Pacific,1970,39.51, Asia Pacific
Other Asia Pacific,1971,42.42, Asia Pacific
Other Asia Pacific,1972,44.3, Asia Pacific
Other Asia Pacific,1973,47.06, Asia Pacific
Other Asia Pacific,1974,47.34, Asia Pacific
Other Asia Pacific,1975,47.58, Asia Pacific
Other Asia Pacific,1976,61.98, Asia Pacific
Other Asia Pacific,1977,72.33, Asia Pacific
Other Asia Pacific,1978,72.13, Asia Pacific
Other Asia Pacific,1979,92.36, Asia Pacific
Other Asia Pacific,1980,77.17, Asia Pacific
Other Asia Pacific,1981,77.89, Asia Pacific
Other Asia Pacific,1982,84.88, Asia Pacific
Other Asia Pacific,1983,90.17, Asia Pacific
Other Asia Pacific,1984,102.64, Asia Pacific
Other Asia Pacific,1985,122.04, Asia Pacific
Other Asia Pacific,1986,124.98, Asia Pacific
Other Asia Pacific,1987,119.07, Asia Pacific
Other Asia Pacific,1988,123.3, Asia Pacific
Other Asia Pacific,1989,132.54, Asia Pacific
Other Asia Pacific,1990,142.81, Asia Pacific
Other Asia Pacific,1991,146.22, Asia Pacific
Other Asia Pacific,1992,202.42, Asia Pacific
Other Asia Pacific,1993,274.2, Asia Pacific
Other Asia Pacific,1994,256.77, Asia Pacific
Other Asia Pacific,1995,227.47, Asia Pacific
Other Asia Pacific,1996,242.21, Asia Pacific
Other Asia Pacific,1997,224.12, Asia Pacific
Other Asia Pacific,1998,214.5, Asia Pacific
Other Asia Pacific,1999,216.57, Asia Pacific
Other Asia Pacific,2000,196.86, Asia Pacific
Other Asia Pacific,2001,192.53, Asia Pacific
Other Asia Pacific,2002,196.44, Asia Pacific
Other Asia Pacific,2003,192.72, Asia Pacific
Other Asia Pacific,2004,234.33, Asia Pacific
Other Asia Pacific,2005,284.74, Asia Pacific
Other Asia Pacific,2006,304.19, Asia Pacific
Other Asia Pacific,2007,319.39, Asia Pacific
Other Asia Pacific,2008,340.6, Asia Pacific
Other Asia Pacific,2009,329.89, Asia Pacific
Other Asia Pacific,2010,314.91, Asia Pacific
Other Asia Pacific,2011,299.26, Asia Pacific
Other Asia Pacific,2012,287.04, Asia Pacific
Other Asia Pacific,2013,271.98, Asia Pacific
Other Asia Pacific,2014,306.96, Asia Pacific
Other Asia Pacific,2015,308.5, Asia Pacific
Other Asia Pacific,2016,291.99, Asia Pacific
Other Asia Pacific,2017,280.67, Asia Pacific
Other Asia Pacific,2018,249.16, Asia Pacific
Thailand,1965,, Asia Pacific
Thailand,1966,, Asia Pacific
Thailand,1967,, Asia Pacific
Thailand,1968,, Asia Pacific
Thailand,1969,, Asia Pacific
Thailand,1970,, Asia Pacific
Thailand,1971,, Asia Pacific
Thailand,1972,, Asia Pacific
Thailand,1973,, Asia Pacific
Thailand,1974,, Asia Pacific
Thailand,1975,, Asia Pacific
Thailand,1976,, Asia Pacific
Thailand,1977,, Asia Pacific
Thailand,1978,, Asia Pacific
Thailand,1979,, Asia Pacific
Thailand,1980,, Asia Pacific
Thailand,1981,1.6, Asia Pacific
Thailand,1982,5.9, Asia Pacific
Thailand,1983,13.3, Asia Pacific
Thailand,1984,23.8, Asia Pacific
Thailand,1985,48.5, Asia Pacific
Thailand,1986,48.45, Asia Pacific
Thailand,1987,44.78, Asia Pacific
Thailand,1988,50.97, Asia Pacific
Thailand,1989,48.91, Asia Pacific
Thailand,1990,59.78, Asia Pacific
Thailand,1991,70.99, Asia Pacific
Thailand,1992,83.56, Asia Pacific
Thailand,1993,86.86, Asia Pacific
Thailand,1994,86.23, Asia Pacific
Thailand,1995,84.79, Asia Pacific
Thailand,1996,95.96, Asia Pacific
Thailand,1997,109.43, Asia Pacific
Thailand,1998,113.45, Asia Pacific
Thailand,1999,122.8, Asia Pacific
Thailand,2000,187.87, Asia Pacific
Thailand,2001,199.82, Asia Pacific
Thailand,2002,215.32, Asia Pacific
Thailand,2003,249.15, Asia Pacific
Thailand,2004,245.61, Asia Pacific
Thailand,2005,301.85, Asia Pacific
Thailand,2006,331.32, Asia Pacific
Thailand,2007,348.26, Asia Pacific
Thailand,2008,367.64, Asia Pacific
Thailand,2009,383.04, Asia Pacific
Thailand,2010,390.63, Asia Pacific
Thailand,2011,427.95, Asia Pacific
Thailand,2012,468.05, Asia Pacific
Thailand,2013,462.19, Asia Pacific
Thailand,2014,460.93, Asia Pacific
Thailand,2015,477.81, Asia Pacific
Thailand,2016,485.58, Asia Pacific
Thailand,2017,483.35, Asia Pacific
Thailand,2018,484.84, Asia Pacific
Vietnam,1965,, Asia Pacific
Vietnam,1966,, Asia Pacific
Vietnam,1967,, Asia Pacific
Vietnam,1968,, Asia Pacific
Vietnam,1969,, Asia Pacific
Vietnam,1970,, Asia Pacific
Vietnam,1971,, Asia Pacific
Vietnam,1972,, Asia Pacific
Vietnam,1973,, Asia Pacific
Vietnam,1974,, Asia Pacific
Vietnam,1975,, Asia Pacific
Vietnam,1976,, Asia Pacific
Vietnam,1977,, Asia Pacific
Vietnam,1978,, Asia Pacific
Vietnam,1979,, Asia Pacific
Vietnam,1980,, Asia Pacific
Vietnam,1981,, Asia Pacific
Vietnam,1982,, Asia Pacific
Vietnam,1983,, Asia Pacific
Vietnam,1984,, Asia Pacific
Vietnam,1985,, Asia Pacific
Vietnam,1986,, Asia Pacific
Vietnam,1987,5.68, Asia Pacific
Vietnam,1988,13.95, Asia Pacific
Vietnam,1989,30.21, Asia Pacific
Vietnam,1990,54.74, Asia Pacific
Vietnam,1991,80.28, Asia Pacific
Vietnam,1992,111, Asia Pacific
Vietnam,1993,127.73, Asia Pacific
Vietnam,1994,143.95, Asia Pacific
Vietnam,1995,154.49, Asia Pacific
Vietnam,1996,177.98, Asia Pacific
Vietnam,1997,204.56, Asia Pacific
Vietnam,1998,253.42, Asia Pacific
Vietnam,1999,308.51, Asia Pacific
Vietnam,2000,338.38, Asia Pacific
Vietnam,2001,353.27, Asia Pacific
Vietnam,2002,356.88, Asia Pacific
Vietnam,2003,372.85, Asia Pacific
Vietnam,2004,420.4, Asia Pacific
Vietnam,2005,389.23, Asia Pacific
Vietnam,2006,354.32, Asia Pacific
Vietnam,2007,333.64, Asia Pacific
Vietnam,2008,309.26, Asia Pacific
Vietnam,2009,341.4, Asia Pacific
Vietnam,2010,323.33, Asia Pacific
Vietnam,2011,326.56, Asia Pacific
Vietnam,2012,358.18, Asia Pacific
Vietnam,2013,358.74, Asia Pacific
Vietnam,2014,335.92, Asia Pacific
Vietnam,2015,365.35, Asia Pacific
Vietnam,2016,332.55, Asia Pacific
Vietnam,2017,298.17, Asia Pacific
Vietnam,2018,274.73, Asia Pacific
Azerbaijan,1965,, CIS
Azerbaijan,1966,, CIS
Azerbaijan,1967,, CIS
Azerbaijan,1968,, CIS
Azerbaijan,1969,, CIS
Azerbaijan,1970,, CIS
Azerbaijan,1971,, CIS
Azerbaijan,1972,, CIS
Azerbaijan,1973,, CIS
Azerbaijan,1974,, CIS
Azerbaijan,1975,, CIS
Azerbaijan,1976,, CIS
Azerbaijan,1977,, CIS
Azerbaijan,1978,, CIS
Azerbaijan,1979,, CIS
Azerbaijan,1980,, CIS
Azerbaijan,1981,, CIS
Azerbaijan,1982,, CIS
Azerbaijan,1983,, CIS
Azerbaijan,1984,, CIS
Azerbaijan,1985,273.52, CIS
Azerbaijan,1986,268.39, CIS
Azerbaijan,1987,285.67, CIS
Azerbaijan,1988,279.98, CIS
Azerbaijan,1989,268.21, CIS
Azerbaijan,1990,254.33, CIS
Azerbaijan,1991,239.72, CIS
Azerbaijan,1992,227.54, CIS
Azerbaijan,1993,207.4, CIS
Azerbaijan,1994,193.42, CIS
Azerbaijan,1995,185.07, CIS
Azerbaijan,1996,183.29, CIS
Azerbaijan,1997,182.31, CIS
Azerbaijan,1998,230.7, CIS
Azerbaijan,1999,278.72, CIS
Azerbaijan,2000,281.18, CIS
Azerbaijan,2001,300.16, CIS
Azerbaijan,2002,307.04, CIS
Azerbaijan,2003,307.93, CIS
Azerbaijan,2004,308.65, CIS
Azerbaijan,2005,444.92, CIS
Azerbaijan,2006,646.17, CIS
Azerbaijan,2007,875.53, CIS
Azerbaijan,2008,915.83, CIS
Azerbaijan,2009,1026.67, CIS
Azerbaijan,2010,1036.72, CIS
Azerbaijan,2011,932.08, CIS
Azerbaijan,2012,882.32, CIS
Azerbaijan,2013,888.38, CIS
Azerbaijan,2014,861.18, CIS
Azerbaijan,2015,850.85, CIS
Azerbaijan,2016,837.52, CIS
Azerbaijan,2017,791.89, CIS
Azerbaijan,2018,794.85, CIS
Kazakhstan,1965,, CIS
Kazakhstan,1966,, CIS
Kazakhstan,1967,, CIS
Kazakhstan,1968,, CIS
Kazakhstan,1969,, CIS
Kazakhstan,1970,, CIS
Kazakhstan,1971,, CIS
Kazakhstan,1972,, CIS
Kazakhstan,1973,, CIS
Kazakhstan,1974,, CIS
Kazakhstan,1975,, CIS
Kazakhstan,1976,, CIS
Kazakhstan,1977,, CIS
Kazakhstan,1978,, CIS
Kazakhstan,1979,, CIS
Kazakhstan,1980,, CIS
Kazakhstan,1981,, CIS
Kazakhstan,1982,, CIS
Kazakhstan,1983,, CIS
Kazakhstan,1984,, CIS
Kazakhstan,1985,484.77, CIS
Kazakhstan,1986,502.79, CIS
Kazakhstan,1987,523.06, CIS
Kazakhstan,1988,545.09, CIS
Kazakhstan,1989,556.39, CIS
Kazakhstan,1990,570.74, CIS
Kazakhstan,1991,588.68, CIS
Kazakhstan,1992,568.88, CIS
Kazakhstan,1993,507.36, CIS
Kazakhstan,1994,445.85, CIS
Kazakhstan,1995,450.44, CIS
Kazakhstan,1996,493.12, CIS
Kazakhstan,1997,556.87, CIS
Kazakhstan,1998,558.49, CIS
Kazakhstan,1999,655.63, CIS
Kazakhstan,2000,740.21, CIS
Kazakhstan,2001,841.49, CIS
Kazakhstan,2002,992.58, CIS
Kazakhstan,2003,1080.64, CIS
Kazakhstan,2004,1247.93, CIS
Kazakhstan,2005,1294.55, CIS
Kazakhstan,2006,1369.88, CIS
Kazakhstan,2007,1415.02, CIS
Kazakhstan,2008,1485.25, CIS
Kazakhstan,2009,1609.48, CIS
Kazakhstan,2010,1675.71, CIS
Kazakhstan,2011,1684.15, CIS
Kazakhstan,2012,1664.13, CIS
Kazakhstan,2013,1736.7, CIS
Kazakhstan,2014,1709.57, CIS
Kazakhstan,2015,1694.76, CIS
Kazakhstan,2016,1654.97, CIS
Kazakhstan,2017,1838.06, CIS
Kazakhstan,2018,1926.96, CIS
Other CIS,1965,0, CIS
Other CIS,1966,0, CIS
Other CIS,1967,0, CIS
Other CIS,1968,0, CIS
Other CIS,1969,0, CIS
Other CIS,1970,0, CIS
Other CIS,1971,0, CIS
Other CIS,1972,0, CIS
Other CIS,1973,0, CIS
Other CIS,1974,0, CIS
Other CIS,1975,0, CIS
Other CIS,1976,0, CIS
Other CIS,1977,0, CIS
Other CIS,1978,0, CIS
Other CIS,1979,0, CIS
Other CIS,1980,0, CIS
Other CIS,1981,0, CIS
Other CIS,1982,0, CIS
Other CIS,1983,0, CIS
Other CIS,1984,0, CIS
Other CIS,1985,52.51, CIS
Other CIS,1986,52.31, CIS
Other CIS,1987,51.22, CIS
Other CIS,1988,50.2, CIS
Other CIS,1989,48.85, CIS
Other CIS,1990,47.16, CIS
Other CIS,1991,45.2, CIS
Other CIS,1992,43.9, CIS
Other CIS,1993,43.27, CIS
Other CIS,1994,42.39, CIS
Other CIS,1995,41.04, CIS
Other CIS,1996,39.34, CIS
Other CIS,1997,38.71, CIS
Other CIS,1998,38.56, CIS
Other CIS,1999,38.74, CIS
Other CIS,2000,38.62, CIS
Other CIS,2001,38.87, CIS
Other CIS,2002,38.75, CIS
Other CIS,2003,38.14, CIS
Other CIS,2004,37.84, CIS
Other CIS,2005,37.68, CIS
Other CIS,2006,37.49, CIS
Other CIS,2007,37.09, CIS
Other CIS,2008,36.64, CIS
Other CIS,2009,36.47, CIS
Other CIS,2010,36.2, CIS
Other CIS,2011,35.99, CIS
Other CIS,2012,35.28, CIS
Other CIS,2013,35.09, CIS
Other CIS,2014,35.03, CIS
Other CIS,2015,35.53, CIS
Other CIS,2016,36.11, CIS
Other CIS,2017,36.86, CIS
Other CIS,2018,37.83, CIS
Russian Federation,1965,, CIS
Russian Federation,1966,, CIS
Russian Federation,1967,, CIS
Russian Federation,1968,, CIS
Russian Federation,1969,, CIS
Russian Federation,1970,, CIS
Russian Federation,1971,, CIS
Russian Federation,1972,, CIS
Russian Federation,1973,, CIS
Russian Federation,1974,, CIS
Russian Federation,1975,, CIS
Russian Federation,1976,, CIS
Russian Federation,1977,, CIS
Russian Federation,1978,, CIS
Russian Federation,1979,, CIS
Russian Federation,1980,, CIS
Russian Federation,1981,, CIS
Russian Federation,1982,, CIS
Russian Federation,1983,, CIS
Russian Federation,1984,, CIS
Russian Federation,1985,10862.59, CIS
Russian Federation,1986,11246.88, CIS
Russian Federation,1987,11416.33, CIS
Russian Federation,1988,11372.76, CIS
Russian Federation,1989,11070.06, CIS
Russian Federation,1990,10342.44, CIS
Russian Federation,1991,9263.7, CIS
Russian Federation,1992,7978.19, CIS
Russian Federation,1993,7118.86, CIS
Russian Federation,1994,6370.72, CIS
Russian Federation,1995,6235.78, CIS
Russian Federation,1996,6061.59, CIS
Russian Federation,1997,6170.67, CIS
Russian Federation,1998,6110, CIS
Russian Federation,1999,6118.78, CIS
Russian Federation,2000,6582.84, CIS
Russian Federation,2001,7105.86, CIS
Russian Federation,2002,7754.79, CIS
Russian Federation,2003,8602.48, CIS
Russian Federation,2004,9335.08, CIS
Russian Federation,2005,9597.66, CIS
Russian Federation,2006,9833.51, CIS
Russian Federation,2007,10057.14, CIS
Russian Federation,2008,9964.51, CIS
Russian Federation,2009,10152.26, CIS
Russian Federation,2010,10378.62, CIS
Russian Federation,2011,10533.36, CIS
Russian Federation,2012,10655.73, CIS
Russian Federation,2013,10806.84, CIS
Russian Federation,2014,10860.09, CIS
Russian Federation,2015,11006.68, CIS
Russian Federation,2016,11268.79, CIS
Russian Federation,2017,11254.69, CIS
Russian Federation,2018,11437.8, CIS
Turkmenistan,1965,, CIS
Turkmenistan,1966,, CIS
Turkmenistan,1967,, CIS
Turkmenistan,1968,, CIS
Turkmenistan,1969,, CIS
Turkmenistan,1970,, CIS
Turkmenistan,1971,, CIS
Turkmenistan,1972,, CIS
Turkmenistan,1973,, CIS
Turkmenistan,1974,, CIS
Turkmenistan,1975,, CIS
Turkmenistan,1976,, CIS
Turkmenistan,1977,, CIS
Turkmenistan,1978,, CIS
Turkmenistan,1979,, CIS
Turkmenistan,1980,, CIS
Turkmenistan,1981,, CIS
Turkmenistan,1982,, CIS
Turkmenistan,1983,, CIS
Turkmenistan,1984,, CIS
Turkmenistan,1985,142.22, CIS
Turkmenistan,1986,137.57, CIS
Turkmenistan,1987,135.43, CIS
Turkmenistan,1988,120.1, CIS
Turkmenistan,1989,121.03, CIS
Turkmenistan,1990,119.52, CIS
Turkmenistan,1991,113.1, CIS
Turkmenistan,1992,108.8, CIS
Turkmenistan,1993,91.6, CIS
Turkmenistan,1994,86.61, CIS
Turkmenistan,1995,83.86, CIS
Turkmenistan,1996,89.66, CIS
Turkmenistan,1997,108.35, CIS
Turkmenistan,1998,128.64, CIS
Turkmenistan,1999,142.64, CIS
Turkmenistan,2000,141.75, CIS
Turkmenistan,2001,159.08, CIS
Turkmenistan,2002,178.86, CIS
Turkmenistan,2003,199.61, CIS
Turkmenistan,2004,192.97, CIS
Turkmenistan,2005,200.36, CIS
Turkmenistan,2006,175.98, CIS
Turkmenistan,2007,192.87, CIS
Turkmenistan,2008,207.89, CIS
Turkmenistan,2009,204.56, CIS
Turkmenistan,2010,209.64, CIS
Turkmenistan,2011,222.84, CIS
Turkmenistan,2012,233.51, CIS
Turkmenistan,2013,253.59, CIS
Turkmenistan,2014,256.63, CIS
Turkmenistan,2015,261.98, CIS
Turkmenistan,2016,244.3, CIS
Turkmenistan,2017,232.42, CIS
Turkmenistan,2018,221.52, CIS
USSR,1965,4857.76, CIS
USSR,1966,5302, CIS
USSR,1967,5762, CIS
USSR,1968,6167.1, CIS
USSR,1969,6566, CIS
USSR,1970,7126.75, CIS
USSR,1971,7610.46, CIS
USSR,1972,8064.13, CIS
USSR,1973,8664.42, CIS
USSR,1974,9270.41, CIS
USSR,1975,9915.98, CIS
USSR,1976,10465.6, CIS
USSR,1977,11009.91, CIS
USSR,1978,11530.75, CIS
USSR,1979,11805.42, CIS
USSR,1980,12116.41, CIS
USSR,1981,12260.25, CIS
USSR,1982,12329.79, CIS
USSR,1983,12403.43, CIS
USSR,1984,12296.68, CIS
USSR,1985,, CIS
USSR,1986,, CIS
USSR,1987,, CIS
USSR,1988,, CIS
USSR,1989,, CIS
USSR,1990,, CIS
USSR,1991,, CIS
USSR,1992,, CIS
USSR,1993,, CIS
USSR,1994,, CIS
USSR,1995,, CIS
USSR,1996,, CIS
USSR,1997,, CIS
USSR,1998,, CIS
USSR,1999,, CIS
USSR,2000,, CIS
USSR,2001,, CIS
USSR,2002,, CIS
USSR,2003,, CIS
USSR,2004,, CIS
USSR,2005,, CIS
USSR,2006,, CIS
USSR,2007,, CIS
USSR,2008,, CIS
USSR,2009,, CIS
USSR,2010,, CIS
USSR,2011,, CIS
USSR,2012,, CIS
USSR,2013,, CIS
USSR,2014,, CIS
USSR,2015,, CIS
USSR,2016,, CIS
USSR,2017,, CIS
USSR,2018,, CIS
Uzbekistan,1965,, CIS
Uzbekistan,1966,, CIS
Uzbekistan,1967,, CIS
Uzbekistan,1968,, CIS
Uzbekistan,1969,, CIS
Uzbekistan,1970,, CIS
Uzbekistan,1971,, CIS
Uzbekistan,1972,, CIS
Uzbekistan,1973,, CIS
Uzbekistan,1974,, CIS
Uzbekistan,1975,, CIS
Uzbekistan,1976,, CIS
Uzbekistan,1977,, CIS
Uzbekistan,1978,, CIS
Uzbekistan,1979,, CIS
Uzbekistan,1980,, CIS
Uzbekistan,1981,, CIS
Uzbekistan,1982,, CIS
Uzbekistan,1983,, CIS
Uzbekistan,1984,, CIS
Uzbekistan,1985,54.61, CIS
Uzbekistan,1986,60.62, CIS
Uzbekistan,1987,64.27, CIS
Uzbekistan,1988,60.36, CIS
Uzbekistan,1989,66.48, CIS
Uzbekistan,1990,68.99, CIS
Uzbekistan,1991,68.74, CIS
Uzbekistan,1992,79.37, CIS
Uzbekistan,1993,93.58, CIS
Uzbekistan,1994,124.29, CIS
Uzbekistan,1995,172.29, CIS
Uzbekistan,1996,173.54, CIS
Uzbekistan,1997,181.51, CIS
Uzbekistan,1998,191.45, CIS
Uzbekistan,1999,190.88, CIS
Uzbekistan,2000,158.77, CIS
Uzbekistan,2001,152.79, CIS
Uzbekistan,2002,152.99, CIS
Uzbekistan,2003,150.58, CIS
Uzbekistan,2004,138.41, CIS
Uzbekistan,2005,114.79, CIS
Uzbekistan,2006,113.87, CIS
Uzbekistan,2007,103.81, CIS
Uzbekistan,2008,101.83, CIS
Uzbekistan,2009,95.21, CIS
Uzbekistan,2010,77.72, CIS
Uzbekistan,2011,76.58, CIS
Uzbekistan,2012,67.73, CIS
Uzbekistan,2013,63.29, CIS
Uzbekistan,2014,61.31, CIS
Uzbekistan,2015,59.46, CIS
Uzbekistan,2016,57.74, CIS
Uzbekistan,2017,60.9, CIS
Uzbekistan,2018,63.97, CIS
Denmark,1965,, Europe
Denmark,1966,, Europe
Denmark,1967,, Europe
Denmark,1968,, Europe
Denmark,1969,, Europe
Denmark,1970,, Europe
Denmark,1971,, Europe
Denmark,1972,2, Europe
Denmark,1973,3, Europe
Denmark,1974,2, Europe
Denmark,1975,3, Europe
Denmark,1976,4, Europe
Denmark,1977,10, Europe
Denmark,1978,8, Europe
Denmark,1979,8, Europe
Denmark,1980,6, Europe
Denmark,1981,15, Europe
Denmark,1982,34, Europe
Denmark,1983,43, Europe
Denmark,1984,47, Europe
Denmark,1985,60, Europe
Denmark,1986,74, Europe
Denmark,1987,93, Europe
Denmark,1988,96, Europe
Denmark,1989,112, Europe
Denmark,1990,121, Europe
Denmark,1991,142, Europe
Denmark,1992,157, Europe
Denmark,1993,168, Europe
Denmark,1994,185, Europe
Denmark,1995,186, Europe
Denmark,1996,208, Europe
Denmark,1997,230, Europe
Denmark,1998,238, Europe
Denmark,1999,299, Europe
Denmark,2000,363, Europe
Denmark,2001,348, Europe
Denmark,2002,371, Europe
Denmark,2003,368, Europe
Denmark,2004,390, Europe
Denmark,2005,379.98, Europe
Denmark,2006,345.54, Europe
Denmark,2007,311.27, Europe
Denmark,2008,287.23, Europe
Denmark,2009,264.78, Europe
Denmark,2010,249.46, Europe
Denmark,2011,224.51, Europe
Denmark,2012,204.24, Europe
Denmark,2013,178.18, Europe
Denmark,2014,166.84, Europe
Denmark,2015,157.8, Europe
Denmark,2016,141.7, Europe
Denmark,2017,138.25, Europe
Denmark,2018,116.27, Europe
Italy,1965,47.77, Europe
Italy,1966,39.08, Europe
Italy,1967,36.56, Europe
Italy,1968,34.58, Europe
Italy,1969,33.86, Europe
Italy,1970,31.9, Europe
Italy,1971,28.54, Europe
Italy,1972,25.47, Europe
Italy,1973,23.36, Europe
Italy,1974,23.37, Europe
Italy,1975,26.88, Europe
Italy,1976,28.22, Europe
Italy,1977,27.1, Europe
Italy,1978,31.4, Europe
Italy,1979,36.23, Europe
Italy,1980,35.49, Europe
Italy,1981,31.05, Europe
Italy,1982,36.84, Europe
Italy,1983,46.73, Europe
Italy,1984,47.26, Europe
Italy,1985,49.69, Europe
Italy,1986,53.27, Europe
Italy,1987,81.81, Europe
Italy,1988,100.23, Europe
Italy,1989,95.67, Europe
Italy,1990,97.01, Europe
Italy,1991,90.03, Europe
Italy,1992,93.25, Europe
Italy,1993,96.37, Europe
Italy,1994,101.65, Europe
Italy,1995,108.8, Europe
Italy,1996,112.92, Europe
Italy,1997,123.51, Europe
Italy,1998,116.75, Europe
Italy,1999,104.17, Europe
Italy,2000,94.91, Europe
Italy,2001,85.67, Europe
Italy,2002,114.77, Europe
Italy,2003,115.57, Europe
Italy,2004,113.16, Europe
Italy,2005,126.78, Europe
Italy,2006,119.68, Europe
Italy,2007,121.58, Europe
Italy,2008,108.33, Europe
Italy,2009,94.86, Europe
Italy,2010,105.94, Europe
Italy,2011,110.1, Europe
Italy,2012,111.65, Europe
Italy,2013,114.13, Europe
Italy,2014,119.59, Europe
Italy,2015,113.47, Europe
Italy,2016,77.78, Europe
Italy,2017,86.04, Europe
Italy,2018,97.15, Europe
Norway,1965,, Europe
Norway,1966,, Europe
Norway,1967,, Europe
Norway,1968,, Europe
Norway,1969,, Europe
Norway,1970,, Europe
Norway,1971,6, Europe
Norway,1972,33, Europe
Norway,1973,32, Europe
Norway,1974,35, Europe
Norway,1975,189, Europe
Norway,1976,279, Europe
Norway,1977,287, Europe
Norway,1978,356, Europe
Norway,1979,407, Europe
Norway,1980,528, Europe
Norway,1981,512, Europe
Norway,1982,532, Europe
Norway,1983,661, Europe
Norway,1984,752, Europe
Norway,1985,823, Europe
Norway,1986,907, Europe
Norway,1987,1054, Europe
Norway,1988,1196, Europe
Norway,1989,1567, Europe
Norway,1990,1716, Europe
Norway,1991,1955, Europe
Norway,1992,2217, Europe
Norway,1993,2377, Europe
Norway,1994,2693, Europe
Norway,1995,2903, Europe
Norway,1996,3232, Europe
Norway,1997,3280, Europe
Norway,1998,3138, Europe
Norway,1999,3139, Europe
Norway,2000,3325.6, Europe
Norway,2001,3395.34, Europe
Norway,2002,3313.75, Europe
Norway,2003,3244.53, Europe
Norway,2004,3172.93, Europe
Norway,2005,2953.92, Europe
Norway,2006,2764.39, Europe
Norway,2007,2542.51, Europe
Norway,2008,2458.5, Europe
Norway,2009,2342.13, Europe
Norway,2010,2132.21, Europe
Norway,2011,2032.95, Europe
Norway,2012,1911.07, Europe
Norway,2013,1832.07, Europe
Norway,2014,1880.54, Europe
Norway,2015,1940.08, Europe
Norway,2016,1991.45, Europe
Norway,2017,1962.86, Europe
Norway,2018,1844.3, Europe
Other Europe,1965,470.47, Europe
Other Europe,1966,486.68, Europe
Other Europe,1967,506.99, Europe
Other Europe,1968,517.64, Europe
Other Europe,1969,530.04, Europe
Other Europe,1970,528.24, Europe
Other Europe,1971,509.31, Europe
Other Europe,1972,504.31, Europe
Other Europe,1973,509.05, Europe
Other Europe,1974,509.82, Europe
Other Europe,1975,507.51, Europe
Other Europe,1976,494.07, Europe
Other Europe,1977,481.45, Europe
Other Europe,1978,489.83, Europe
Other Europe,1979,508.41, Europe
Other Europe,1980,483.82, Europe
Other Europe,1981,469.98, Europe
Other Europe,1982,492.69, Europe
Other Europe,1983,529.68, Europe
Other Europe,1984,531.36, Europe
Other Europe,1985,701.15, Europe
Other Europe,1986,705.31, Europe
Other Europe,1987,683.98, Europe
Other Europe,1988,662.08, Europe
Other Europe,1989,641.89, Europe
Other Europe,1990,632.87, Europe
Other Europe,1991,633.16, Europe
Other Europe,1992,598.36, Europe
Other Europe,1993,556.14, Europe
Other Europe,1994,561.64, Europe
Other Europe,1995,529.96, Europe
Other Europe,1996,502.72, Europe
Other Europe,1997,481.34, Europe
Other Europe,1998,463.26, Europe
Other Europe,1999,431.51, Europe
Other Europe,2000,419.49, Europe
Other Europe,2001,419.21, Europe
Other Europe,2002,434.1, Europe
Other Europe,2003,438.77, Europe
Other Europe,2004,430.07, Europe
Other Europe,2005,409.14, Europe
Other Europe,2006,396.36, Europe
Other Europe,2007,394.8, Europe
Other Europe,2008,374.07, Europe
Other Europe,2009,356.58, Europe
Other Europe,2010,341.64, Europe
Other Europe,2011,334.82, Europe
Other Europe,2012,335.32, Europe
Other Europe,2013,344.02, Europe
Other Europe,2014,338.76, Europe
Other Europe,2015,329.23, Europe
Other Europe,2016,313.02, Europe
Other Europe,2017,302.78, Europe
Other Europe,2018,306.08, Europe
Romania,1965,265.78, Europe
Romania,1966,271, Europe
Romania,1967,278.84, Europe
Romania,1968,279.7, Europe
Romania,1969,281.09, Europe
Romania,1970,283.78, Europe
Romania,1971,292.34, Europe
Romania,1972,298.42, Europe
Romania,1973,303.93, Europe
Romania,1974,308.03, Europe
Romania,1975,311.31, Europe
Romania,1976,312.71, Europe
Romania,1977,312.54, Europe
Romania,1978,293.49, Europe
Romania,1979,264.66, Europe
Romania,1980,250.12, Europe
Romania,1981,253.54, Europe
Romania,1982,255.56, Europe
Romania,1983,252.49, Europe
Romania,1984,248.93, Europe
Romania,1985,235.63, Europe
Romania,1986,223.43, Europe
Romania,1987,210.65, Europe
Romania,1988,205.44, Europe
Romania,1989,201.56, Europe
Romania,1990,169.05, Europe
Romania,1991,145.91, Europe
Romania,1992,141.76, Europe
Romania,1993,144.28, Europe
Romania,1994,145.37, Europe
Romania,1995,144.87, Europe
Romania,1996,142.38, Europe
Romania,1997,140.73, Europe
Romania,1998,136.76, Europe
Romania,1999,133.14, Europe
Romania,2000,131.74, Europe
Romania,2001,130.89, Europe
Romania,2002,127.87, Europe
Romania,2003,123.87, Europe
Romania,2004,119.78, Europe
Romania,2005,114.36, Europe
Romania,2006,105.25, Europe
Romania,2007,99.9, Europe
Romania,2008,98.81, Europe
Romania,2009,93.8, Europe
Romania,2010,89.54, Europe
Romania,2011,88.52, Europe
Romania,2012,83.07, Europe
Romania,2013,85.98, Europe
Romania,2014,84.37, Europe
Romania,2015,83.49, Europe
Romania,2016,79.31, Europe
Romania,2017,75.85, Europe
Romania,2018,74.2, Europe
United Kingdom,1965,1.74, Europe
United Kingdom,1966,1.62, Europe
United Kingdom,1967,1.84, Europe
United Kingdom,1968,1.74, Europe
United Kingdom,1969,1.79, Europe
United Kingdom,1970,3.52, Europe
United Kingdom,1971,4.9, Europe
United Kingdom,1972,7.86, Europe
United Kingdom,1973,8.83, Europe
United Kingdom,1974,9.76, Europe
United Kingdom,1975,33.86, Europe
United Kingdom,1976,254.43, Europe
United Kingdom,1977,798.63, Europe
United Kingdom,1978,1127.28, Europe
United Kingdom,1979,1623.4, Europe
United Kingdom,1980,1676.14, Europe
United Kingdom,1981,1867.71, Europe
United Kingdom,1982,2166.72, Europe
United Kingdom,1983,2422.07, Europe
United Kingdom,1984,2652.13, Europe
United Kingdom,1985,2695.42, Europe
United Kingdom,1986,2690.99, Europe
United Kingdom,1987,2612.32, Europe
United Kingdom,1988,2413.9, Europe
United Kingdom,1989,1943.29, Europe
United Kingdom,1990,1932.81, Europe
United Kingdom,1991,1933.56, Europe
United Kingdom,1992,1995.89, Europe
United Kingdom,1993,2134.84, Europe
United Kingdom,1994,2694.44, Europe
United Kingdom,1995,2769.16, Europe
United Kingdom,1996,2755.1, Europe
United Kingdom,1997,2721.45, Europe
United Kingdom,1998,2834.53, Europe
United Kingdom,1999,2931.52, Europe
United Kingdom,2000,2695.63, Europe
United Kingdom,2001,2503.22, Europe
United Kingdom,2002,2490.44, Europe
United Kingdom,2003,2283.26, Europe
United Kingdom,2004,2052.22, Europe
United Kingdom,2005,1834.08, Europe
United Kingdom,2006,1658.82, Europe
United Kingdom,2007,1651.24, Europe
United Kingdom,2008,1548.8, Europe
United Kingdom,2009,1468.89, Europe
United Kingdom,2010,1355.55, Europe
United Kingdom,2011,1111.86, Europe
United Kingdom,2012,946.29, Europe
United Kingdom,2013,864.47, Europe
United Kingdom,2014,852.46, Europe
United Kingdom,2015,963.42, Europe
United Kingdom,2016,1012.58, Europe
United Kingdom,2017,999.07, Europe
United Kingdom,2018,1085.13, Europe
Iran,1965,1908, Middle East
Iran,1966,2132, Middle East
Iran,1967,2603, Middle East
Iran,1968,2840, Middle East
Iran,1969,3376, Middle East
Iran,1970,3847.66, Middle East
Iran,1971,4572.42, Middle East
Iran,1972,5058.96, Middle East
Iran,1973,5907.38, Middle East
Iran,1974,6060.3, Middle East
Iran,1975,5386.62, Middle East
Iran,1976,5918.19, Middle East
Iran,1977,5713.96, Middle East
Iran,1978,5302.05, Middle East
Iran,1979,3217.59, Middle East
Iran,1980,1478.96, Middle East
Iran,1981,1321.03, Middle East
Iran,1982,2396.92, Middle East
Iran,1983,2453.58, Middle East
Iran,1984,2042.54, Middle East
Iran,1985,2205.21, Middle East
Iran,1986,2054.24, Middle East
Iran,1987,2342.44, Middle East
Iran,1988,2349.48, Middle East
Iran,1989,2894.34, Middle East
Iran,1990,3270.18, Middle East
Iran,1991,3499.56, Middle East
Iran,1992,3523.02, Middle East
Iran,1993,3712.16, Middle East
Iran,1994,3730.03, Middle East
Iran,1995,3743.77, Middle East
Iran,1996,3758.58, Middle East
Iran,1997,3776.46, Middle East
Iran,1998,3854.75, Middle East
Iran,1999,3603.36, Middle East
Iran,2000,3850.4, Middle East
Iran,2001,3824.45, Middle East
Iran,2002,3616.92, Middle East
Iran,2003,4083.61, Middle East
Iran,2004,4215.8, Middle East
Iran,2005,4217.47, Middle East
Iran,2006,4291.01, Middle East
Iran,2007,4355.96, Middle East
Iran,2008,4414.98, Middle East
Iran,2009,4284.86, Middle East
Iran,2010,4420.62, Middle East
Iran,2011,4452.4, Middle East
Iran,2012,3809.76, Middle East
Iran,2013,3609.23, Middle East
Iran,2014,3714.14, Middle East
Iran,2015,3852.76, Middle East
Iran,2016,4586.09, Middle East
Iran,2017,5023.75, Middle East
Iran,2018,4715.44, Middle East
Iraq,1965,1313, Middle East
Iraq,1966,1392, Middle East
Iraq,1967,1228, Middle East
Iraq,1968,1503, Middle East
Iraq,1969,1521, Middle East
Iraq,1970,1549, Middle East
Iraq,1971,1694, Middle East
Iraq,1972,1466, Middle East
Iraq,1973,2018, Middle East
Iraq,1974,1977.04, Middle East
Iraq,1975,2270.56, Middle East
Iraq,1976,2422.27, Middle East
Iraq,1977,2358.12, Middle East
Iraq,1978,2573.55, Middle East
Iraq,1979,3488.55, Middle East
Iraq,1980,2657.52, Middle East
Iraq,1981,906.91, Middle East
Iraq,1982,988.18, Middle East
Iraq,1983,1105.73, Middle East
Iraq,1984,1227.98, Middle East
Iraq,1985,1425.29, Middle East
Iraq,1986,1899.42, Middle East
Iraq,1987,2391.28, Middle East
Iraq,1988,2782.15, Middle East
Iraq,1989,2838.26, Middle East
Iraq,1990,2148.95, Middle East
Iraq,1991,285.36, Middle East
Iraq,1992,531.26, Middle East
Iraq,1993,455.28, Middle East
Iraq,1994,505.28, Middle East
Iraq,1995,530.28, Middle East
Iraq,1996,580.26, Middle East
Iraq,1997,1165.83, Middle East
Iraq,1998,2120.83, Middle East
Iraq,1999,2609.83, Middle East
Iraq,2000,2613, Middle East
Iraq,2001,2522, Middle East
Iraq,2002,2116, Middle East
Iraq,2003,1344, Middle East
Iraq,2004,2030, Middle East
Iraq,2005,1833, Middle East
Iraq,2006,1999, Middle East
Iraq,2007,2143.21, Middle East
Iraq,2008,2428, Middle East
Iraq,2009,2445.63, Middle East
Iraq,2010,2468.87, Middle East
Iraq,2011,2773.28, Middle East
Iraq,2012,3078.5, Middle East
Iraq,2013,3102.5, Middle East
Iraq,2014,3238.62, Middle East
Iraq,2015,3985.94, Middle East
Iraq,2016,4422.89, Middle East
Iraq,2017,4533.42, Middle East
Iraq,2018,4614.33, Middle East
Kuwait,1965,2371, Middle East
Kuwait,1966,2505, Middle East
Kuwait,1967,2522, Middle East
Kuwait,1968,2656, Middle East
Kuwait,1969,2819, Middle East
Kuwait,1970,3036, Middle East
Kuwait,1971,3253, Middle East
Kuwait,1972,3339, Middle East
Kuwait,1973,3080, Middle East
Kuwait,1974,2603, Middle East
Kuwait,1975,2132, Middle East
Kuwait,1976,2199, Middle East
Kuwait,1977,2024, Middle East
Kuwait,1978,2182, Middle East
Kuwait,1979,2623, Middle East
Kuwait,1980,1757, Middle East
Kuwait,1981,1187, Middle East
Kuwait,1982,862, Middle East
Kuwait,1983,1117, Middle East
Kuwait,1984,1229, Middle East
Kuwait,1985,1127, Middle East
Kuwait,1986,1210, Middle East
Kuwait,1987,1072, Middle East
Kuwait,1988,1286, Middle East
Kuwait,1989,1408, Middle East
Kuwait,1990,964, Middle East
Kuwait,1991,185, Middle East
Kuwait,1992,1077, Middle East
Kuwait,1993,1945, Middle East
Kuwait,1994,2085, Middle East
Kuwait,1995,2130, Middle East
Kuwait,1996,2129, Middle East
Kuwait,1997,2137, Middle East
Kuwait,1998,2232, Middle East
Kuwait,1999,2085, Middle East
Kuwait,2000,2244.42, Middle East
Kuwait,2001,2183.54, Middle East
Kuwait,2002,2026.55, Middle East
Kuwait,2003,2368.36, Middle East
Kuwait,2004,2517.23, Middle East
Kuwait,2005,2666.2, Middle East
Kuwait,2006,2733.33, Middle East
Kuwait,2007,2657.49, Middle East
Kuwait,2008,2781.19, Middle East
Kuwait,2009,2495.49, Middle East
Kuwait,2010,2555.95, Middle East
Kuwait,2011,2909.38, Middle East
Kuwait,2012,3164.41, Middle East
Kuwait,2013,3124.75, Middle East
Kuwait,2014,3097.08, Middle East
Kuwait,2015,3060.78, Middle East
Kuwait,2016,3141.08, Middle East
Kuwait,2017,3000.87, Middle East
Kuwait,2018,3048.52, Middle East
Oman,1965,, Middle East
Oman,1966,, Middle East
Oman,1967,57, Middle East
Oman,1968,241, Middle East
Oman,1969,327, Middle East
Oman,1970,332, Middle East
Oman,1971,294, Middle East
Oman,1972,282, Middle East
Oman,1973,293, Middle East
Oman,1974,290, Middle East
Oman,1975,341, Middle East
Oman,1976,367, Middle East
Oman,1977,340, Middle East
Oman,1978,314, Middle East
Oman,1979,295, Middle East
Oman,1980,285, Middle East
Oman,1981,330, Middle East
Oman,1982,338, Middle East
Oman,1983,391, Middle East
Oman,1984,419, Middle East
Oman,1985,502, Middle East
Oman,1986,564, Middle East
Oman,1987,588, Middle East
Oman,1988,625, Middle East
Oman,1989,651, Middle East
Oman,1990,695, Middle East
Oman,1991,716, Middle East
Oman,1992,748, Middle East
Oman,1993,785, Middle East
Oman,1994,819, Middle East
Oman,1995,868, Middle East
Oman,1996,897, Middle East
Oman,1997,909, Middle East
Oman,1998,905, Middle East
Oman,1999,904.69, Middle East
Oman,2000,954.8, Middle East
Oman,2001,955.78, Middle East
Oman,2002,897.38, Middle East
Oman,2003,819.51, Middle East
Oman,2004,779.74, Middle East
Oman,2005,774.29, Middle East
Oman,2006,737.65, Middle East
Oman,2007,710.39, Middle East
Oman,2008,756.75, Middle East
Oman,2009,812.52, Middle East
Oman,2010,864.59, Middle East
Oman,2011,884.92, Middle East
Oman,2012,918.47, Middle East
Oman,2013,941.95, Middle East
Oman,2014,943.48, Middle East
Oman,2015,981.09, Middle East
Oman,2016,1004.26, Middle East
Oman,2017,970.57, Middle East
Oman,2018,978.39, Middle East
Other Middle East,1965,61, Middle East
Other Middle East,1966,65.76, Middle East
Other Middle East,1967,72.98, Middle East
Other Middle East,1968,77.97, Middle East
Other Middle East,1969,77.96, Middle East
Other Middle East,1970,78.54, Middle East
Other Middle East,1971,76.2, Middle East
Other Middle East,1972,70.93, Middle East
Other Middle East,1973,68.75, Middle East
Other Middle East,1974,67.76, Middle East
Other Middle East,1975,61.68, Middle East
Other Middle East,1976,58.72, Middle East
Other Middle East,1977,58.52, Middle East
Other Middle East,1978,55.48, Middle East
Other Middle East,1979,51.4, Middle East
Other Middle East,1980,55.38, Middle East
Other Middle East,1981,54.29, Middle East
Other Middle East,1982,52.21, Middle East
Other Middle East,1983,50.23, Middle East
Other Middle East,1984,50.17, Middle East
Other Middle East,1985,50.21, Middle East
Other Middle East,1986,50.54, Middle East
Other Middle East,1987,51.69, Middle East
Other Middle East,1988,52.66, Middle East
Other Middle East,1989,52.53, Middle East
Other Middle East,1990,51.57, Middle East
Other Middle East,1991,53.35, Middle East
Other Middle East,1992,54.25, Middle East
Other Middle East,1993,53.19, Middle East
Other Middle East,1994,52.12, Middle East
Other Middle East,1995,52.18, Middle East
Other Middle East,1996,50.12, Middle East
Other Middle East,1997,50.13, Middle East
Other Middle East,1998,49.14, Middle East
Other Middle East,1999,48.12, Middle East
Other Middle East,2000,48.12, Middle East
Other Middle East,2001,47.12, Middle East
Other Middle East,2002,48.13, Middle East
Other Middle East,2003,48.1, Middle East
Other Middle East,2004,48.45, Middle East
Other Middle East,2005,185.05, Middle East
Other Middle East,2006,182.22, Middle East
Other Middle East,2007,193.93, Middle East
Other Middle East,2008,192.6, Middle East
Other Middle East,2009,192.15, Middle East
Other Middle East,2010,192.27, Middle East
Other Middle East,2011,201.47, Middle East
Other Middle East,2012,183.84, Middle East
Other Middle East,2013,208.71, Middle East
Other Middle East,2014,214.2, Middle East
Other Middle East,2015,212.99, Middle East
Other Middle East,2016,214.39, Middle East
Other Middle East,2017,208.24, Middle East
Other Middle East,2018,206.72, Middle East
Qatar,1965,233, Middle East
Qatar,1966,291, Middle East
Qatar,1967,324, Middle East
Qatar,1968,340, Middle East
Qatar,1969,356, Middle East
Qatar,1970,363, Middle East
Qatar,1971,430, Middle East
Qatar,1972,482, Middle East
Qatar,1973,570, Middle East
Qatar,1974,518, Middle East
Qatar,1975,437, Middle East
Qatar,1976,487, Middle East
Qatar,1977,435, Middle East
Qatar,1978,484, Middle East
Qatar,1979,506, Middle East
Qatar,1980,475.53, Middle East
Qatar,1981,421.11, Middle East
Qatar,1982,344.52, Middle East
Qatar,1983,315.6, Middle East
Qatar,1984,353.02, Middle East
Qatar,1985,315.24, Middle East
Qatar,1986,355.1, Middle East
Qatar,1987,314.86, Middle East
Qatar,1988,360.42, Middle East
Qatar,1989,403.45, Middle East
Qatar,1990,433.81, Middle East
Qatar,1991,419.59, Middle East
Qatar,1992,495.32, Middle East
Qatar,1993,460.25, Middle East
Qatar,1994,451.38, Middle East
Qatar,1995,460.89, Middle East
Qatar,1996,568, Middle East
Qatar,1997,692.08, Middle East
Qatar,1998,701.43, Middle East
Qatar,1999,723.27, Middle East
Qatar,2000,851.27, Middle East
Qatar,2001,855.79, Middle East
Qatar,2002,801.66, Middle East
Qatar,2003,947.39, Middle East
Qatar,2004,1078.56, Middle East
Qatar,2005,1147.95, Middle East
Qatar,2006,1237.82, Middle East
Qatar,2007,1262.74, Middle East
Qatar,2008,1432.36, Middle East
Qatar,2009,1415.41, Middle East
Qatar,2010,1630.24, Middle East
Qatar,2011,1824.35, Middle East
Qatar,2012,1927.9, Middle East
Qatar,2013,1990.71, Middle East
Qatar,2014,1974.6, Middle East
Qatar,2015,1932.51, Middle East
Qatar,2016,1938.05, Middle East
Qatar,2017,1873.69, Middle East
Qatar,2018,1878.53, Middle East
Saudi Arabia,1965,2219.3, Middle East
Saudi Arabia,1966,2617.8, Middle East
Saudi Arabia,1967,2825, Middle East
Saudi Arabia,1968,3080.9, Middle East
Saudi Arabia,1969,3262.2, Middle East
Saudi Arabia,1970,3851.1, Middle East
Saudi Arabia,1971,4820.9, Middle East
Saudi Arabia,1972,6070.3, Middle East
Saudi Arabia,1973,7693.2, Middle East
Saudi Arabia,1974,8617.7, Middle East
Saudi Arabia,1975,7216.4, Middle East
Saudi Arabia,1976,8762.17, Middle East
Saudi Arabia,1977,9418.91, Middle East
Saudi Arabia,1978,8554.08, Middle East
Saudi Arabia,1979,9841.63, Middle East
Saudi Arabia,1980,10269.5, Middle East
Saudi Arabia,1981,10256, Middle East
Saudi Arabia,1982,6961, Middle East
Saudi Arabia,1983,4951.41, Middle East
Saudi Arabia,1984,4534.08, Middle East
Saudi Arabia,1985,3600.95, Middle East
Saudi Arabia,1986,5208.2, Middle East
Saudi Arabia,1987,4450.15, Middle East
Saudi Arabia,1988,5656.15, Middle East
Saudi Arabia,1989,5635.5, Middle East
Saudi Arabia,1990,7105.5, Middle East
Saudi Arabia,1991,8819.8, Middle East
Saudi Arabia,1992,9091.7, Middle East
Saudi Arabia,1993,8892.7, Middle East
Saudi Arabia,1994,8983, Middle East
Saudi Arabia,1995,8973.54, Middle East
Saudi Arabia,1996,9086.5, Middle East
Saudi Arabia,1997,9005.32, Middle East
Saudi Arabia,1998,9266.79, Middle East
Saudi Arabia,1999,8523.81, Middle East
Saudi Arabia,2000,9121.17, Middle East
Saudi Arabia,2001,8935.03, Middle East
Saudi Arabia,2002,8206.5, Middle East
Saudi Arabia,2003,9628.16, Middle East
Saudi Arabia,2004,10305.91, Middle East
Saudi Arabia,2005,10838.58, Middle East
Saudi Arabia,2006,10670.78, Middle East
Saudi Arabia,2007,10268.75, Middle East
Saudi Arabia,2008,10664.79, Middle East
Saudi Arabia,2009,9708.9, Middle East
Saudi Arabia,2010,9864.83, Middle East
Saudi Arabia,2011,11079.23, Middle East
Saudi Arabia,2012,11621.79, Middle East
Saudi Arabia,2013,11392.93, Middle East
Saudi Arabia,2014,11518.82, Middle East
Saudi Arabia,2015,11997.94, Middle East
Saudi Arabia,2016,12406.05, Middle East
Saudi Arabia,2017,11892.2, Middle East
Saudi Arabia,2018,12286.84, Middle East
Syria,1965,, Middle East
Syria,1966,, Middle East
Syria,1967,, Middle East
Syria,1968,21, Middle East
Syria,1969,53, Middle East
Syria,1970,85, Middle East
Syria,1971,106, Middle East
Syria,1972,117, Middle East
Syria,1973,111, Middle East
Syria,1974,129, Middle East
Syria,1975,192, Middle East
Syria,1976,201, Middle East
Syria,1977,183, Middle East
Syria,1978,179, Middle East
Syria,1979,167, Middle East
Syria,1980,158, Middle East
Syria,1981,164, Middle East
Syria,1982,155, Middle East
Syria,1983,161, Middle East
Syria,1984,162, Middle East
Syria,1985,159.44, Middle East
Syria,1986,200.6, Middle East
Syria,1987,230.88, Middle East
Syria,1988,268.2, Middle East
Syria,1989,340.64, Middle East
Syria,1990,406.73, Middle East
Syria,1991,471.98, Middle East
Syria,1992,514.38, Middle East
Syria,1993,566.08, Middle East
Syria,1994,563.27, Middle East
Syria,1995,596.28, Middle East
Syria,1996,586.23, Middle East
Syria,1997,577.24, Middle East
Syria,1998,576.24, Middle East
Syria,1999,578.83, Middle East
Syria,2000,573, Middle East
Syria,2001,613, Middle East
Syria,2002,677, Middle East
Syria,2003,652, Middle East
Syria,2004,487, Middle East
Syria,2005,448, Middle East
Syria,2006,421, Middle East
Syria,2007,404, Middle East
Syria,2008,406, Middle East
Syria,2009,401, Middle East
Syria,2010,385, Middle East
Syria,2011,352.82, Middle East
Syria,2012,171, Middle East
Syria,2013,59.16, Middle East
Syria,2014,33, Middle East
Syria,2015,27, Middle East
Syria,2016,25, Middle East
Syria,2017,24.6, Middle East
Syria,2018,24.05, Middle East
United Arab Emirates,1965,282.2, Middle East
United Arab Emirates,1966,360, Middle East
United Arab Emirates,1967,382.1, Middle East
United Arab Emirates,1968,496.6, Middle East
United Arab Emirates,1969,627.8, Middle East
United Arab Emirates,1970,779.6, Middle East
United Arab Emirates,1971,1059.5, Middle East
United Arab Emirates,1972,1202.7, Middle East
United Arab Emirates,1973,1532.6, Middle East
United Arab Emirates,1974,1678.6, Middle East
United Arab Emirates,1975,1663.8, Middle East
United Arab Emirates,1976,1936.4, Middle East
United Arab Emirates,1977,1998.71, Middle East
United Arab Emirates,1978,1830.5, Middle East
United Arab Emirates,1979,1830.69, Middle East
United Arab Emirates,1980,1734.89, Middle East
United Arab Emirates,1981,1540.3, Middle East
United Arab Emirates,1982,1361.8, Middle East
United Arab Emirates,1983,1293.02, Middle East
United Arab Emirates,1984,1246.02, Middle East
United Arab Emirates,1985,1211.15, Middle East
United Arab Emirates,1986,1412.55, Middle East
United Arab Emirates,1987,1471.29, Middle East
United Arab Emirates,1988,1544.47, Middle East
United Arab Emirates,1989,1819, Middle East
United Arab Emirates,1990,1984.63, Middle East
United Arab Emirates,1991,2274.41, Middle East
United Arab Emirates,1992,2494.67, Middle East
United Arab Emirates,1993,2438.29, Middle East
United Arab Emirates,1994,2462.53, Middle East
United Arab Emirates,1995,2444, Middle East
United Arab Emirates,1996,2501.3, Middle East
United Arab Emirates,1997,2521.7, Middle East
United Arab Emirates,1998,2610.1, Middle East
United Arab Emirates,1999,2413.8, Middle East
United Arab Emirates,2000,2598.9, Middle East
United Arab Emirates,2001,2540.72, Middle East
United Arab Emirates,2002,2366.26, Middle East
United Arab Emirates,2003,2722.49, Middle East
United Arab Emirates,2004,2821.58, Middle East
United Arab Emirates,2005,2945.46, Middle East
United Arab Emirates,2006,3134.51, Middle East
United Arab Emirates,2007,3094.3, Middle East
United Arab Emirates,2008,3113.09, Middle East
United Arab Emirates,2009,2794.81, Middle East
United Arab Emirates,2010,2936.82, Middle East
United Arab Emirates,2011,3302.65, Middle East
United Arab Emirates,2012,3439.73, Middle East
United Arab Emirates,2013,3577.35, Middle East
United Arab Emirates,2014,3602.9, Middle East
United Arab Emirates,2015,3897.97, Middle East
United Arab Emirates,2016,4037.54, Middle East
United Arab Emirates,2017,3910.02, Middle East
United Arab Emirates,2018,3941.93, Middle East
Yemen,1965,, Middle East
Yemen,1966,, Middle East
Yemen,1967,, Middle East
Yemen,1968,, Middle East
Yemen,1969,, Middle East
Yemen,1970,, Middle East
Yemen,1971,, Middle East
Yemen,1972,, Middle East
Yemen,1973,, Middle East
Yemen,1974,, Middle East
Yemen,1975,, Middle East
Yemen,1976,, Middle East
Yemen,1977,, Middle East
Yemen,1978,, Middle East
Yemen,1979,, Middle East
Yemen,1980,, Middle East
Yemen,1981,, Middle East
Yemen,1982,, Middle East
Yemen,1983,, Middle East
Yemen,1984,, Middle East
Yemen,1985,, Middle East
Yemen,1986,10, Middle East
Yemen,1987,26, Middle East
Yemen,1988,170, Middle East
Yemen,1989,178, Middle East
Yemen,1990,182, Middle East
Yemen,1991,197, Middle East
Yemen,1992,183.96, Middle East
Yemen,1993,209.37, Middle East
Yemen,1994,345.58, Middle East
Yemen,1995,351.47, Middle East
Yemen,1996,356.66, Middle East
Yemen,1997,374.97, Middle East
Yemen,1998,380.09, Middle East
Yemen,1999,405.13, Middle East
Yemen,2000,436.5, Middle East
Yemen,2001,452.87, Middle East
Yemen,2002,456.85, Middle East
Yemen,2003,450.55, Middle East
Yemen,2004,423.69, Middle East
Yemen,2005,420.76, Middle East
Yemen,2006,386.59, Middle East
Yemen,2007,340.8, Middle East
Yemen,2008,315.75, Middle East
Yemen,2009,308.06, Middle East
Yemen,2010,306.46, Middle East
Yemen,2011,220.42, Middle East
Yemen,2012,177.84, Middle East
Yemen,2013,197.23, Middle East
Yemen,2014,152.9, Middle East
Yemen,2015,63.31, Middle East
Yemen,2016,42.58, Middle East
Yemen,2017,60.01, Middle East
Yemen,2018,67.69, Middle East
Canada,1965,920, North America
Canada,1966,1012, North America
Canada,1967,1106, North America
Canada,1968,1194, North America
Canada,1969,1306, North America
Canada,1970,1473, North America
Canada,1971,1582, North America
Canada,1972,1829, North America
Canada,1973,2114, North America
Canada,1974,1993, North America
Canada,1975,1735, North America
Canada,1976,1598, North America
Canada,1977,1608, North America
Canada,1978,1597, North America
Canada,1979,1835, North America
Canada,1980,1764, North America
Canada,1981,1610, North America
Canada,1982,1590, North America
Canada,1983,1661, North America
Canada,1984,1775, North America
Canada,1985,1812.8, North America
Canada,1986,1805.12, North America
Canada,1987,1908.77, North America
Canada,1988,2002.42, North America
Canada,1989,1961.46, North America
Canada,1990,1967.74, North America
Canada,1991,1983.51, North America
Canada,1992,2065.58, North America
Canada,1993,2189.01, North America
Canada,1994,2281.33, North America
Canada,1995,2402.13, North America
Canada,1996,2479.92, North America
Canada,1997,2587.59, North America
Canada,1998,2672.38, North America
Canada,1999,2604.4, North America
Canada,2000,2703.4, North America
Canada,2001,2727.96, North America
Canada,2002,2858.16, North America
Canada,2003,3003.47, North America
Canada,2004,3079.88, North America
Canada,2005,3040.9, North America
Canada,2006,3208.38, North America
Canada,2007,3290.19, North America
Canada,2008,3207.04, North America
Canada,2009,3202.4, North America
Canada,2010,3332.08, North America
Canada,2011,3514.82, North America
Canada,2012,3740.24, North America
Canada,2013,4000.41, North America
Canada,2014,4270.53, North America
Canada,2015,4388.14, North America
Canada,2016,4450.8, North America
Canada,2017,4798.19, North America
Canada,2018,5208.37, North America
Mexico,1965,362, North America
Mexico,1966,370, North America
Mexico,1967,411, North America
Mexico,1968,439, North America
Mexico,1969,461, North America
Mexico,1970,487, North America
Mexico,1971,486, North America
Mexico,1972,506, North America
Mexico,1973,525, North America
Mexico,1974,653, North America
Mexico,1975,806, North America
Mexico,1976,894, North America
Mexico,1977,1085, North America
Mexico,1978,1327, North America
Mexico,1979,1607, North America
Mexico,1980,2129, North America
Mexico,1981,2553, North America
Mexico,1982,3001, North America
Mexico,1983,2930, North America
Mexico,1984,2942, North America
Mexico,1985,2912, North America
Mexico,1986,2758, North America
Mexico,1987,2879, North America
Mexico,1988,2877, North America
Mexico,1989,2897, North America
Mexico,1990,2940.78, North America
Mexico,1991,3099.63, North America
Mexico,1992,3098.27, North America
Mexico,1993,3115.34, North America
Mexico,1994,3135.96, North America
Mexico,1995,3054.77, North America
Mexico,1996,3270.06, North America
Mexico,1997,3408.63, North America
Mexico,1998,3498.56, North America
Mexico,1999,3351.69, North America
Mexico,2000,3455.95, North America
Mexico,2001,3568.13, North America
Mexico,2002,3592.65, North America
Mexico,2003,3794.7, North America
Mexico,2004,3830.18, North America
Mexico,2005,3765.62, North America
Mexico,2006,3689.13, North America
Mexico,2007,3478.53, North America
Mexico,2008,3165.33, North America
Mexico,2009,2978.49, North America
Mexico,2010,2959.37, North America
Mexico,2011,2940.31, North America
Mexico,2012,2911.1, North America
Mexico,2013,2874.75, North America
Mexico,2014,2784.2, North America
Mexico,2015,2586.54, North America
Mexico,2016,2455.8, North America
Mexico,2017,2224.15, North America
Mexico,2018,2068.37, North America
US,1965,9014.15, North America
US,1966,9579.24, North America
US,1967,10219.25, North America
US,1968,10599.74, North America
US,1969,10827.67, North America
US,1970,11296.85, North America
US,1971,11155.78, North America
US,1972,11184.9, North America
US,1973,10945.95, North America
US,1974,10461.2, North America
US,1975,10007.74, North America
US,1976,9735.64, North America
US,1977,9862.56, North America
US,1978,10274.44, North America
US,1979,10135.53, North America
US,1980,10169.63, North America
US,1981,10180.57, North America
US,1982,10198.53, North America
US,1983,10246.67, North America
US,1984,10508.95, North America
US,1985,10580.38, North America
US,1986,10231.14, North America
US,1987,9943.98, North America
US,1988,9764.69, North America
US,1989,9159.08, North America
US,1990,8914.31, North America
US,1991,9075.55, North America
US,1992,8868.12, North America
US,1993,8582.67, North America
US,1994,8388.58, North America
US,1995,8321.64, North America
US,1996,8294.53, North America
US,1997,8268.59, North America
US,1998,8010.83, North America
US,1999,7731.46, North America
US,2000,7732.66, North America
US,2001,7669.61, North America
US,2002,7624.34, North America
US,2003,7368.45, North America
US,2004,7250.24, North America
US,2005,6900.78, North America
US,2006,6824.86, North America
US,2007,6856.69, North America
US,2008,6783.35, North America
US,2009,7259.11, North America
US,2010,7551.78, North America
US,2011,7870.38, North America
US,2012,8909.66, North America
US,2013,10072.73, North America
US,2014,11773.18, North America
US,2015,12772.92, North America
US,2016,12339.92, North America
US,2017,13134.74, North America
US,2018,15310.69, North America
Argentina,1965,275.67, S. & Cent. America
Argentina,1966,292.86, S. & Cent. America
Argentina,1967,318.63, S. & Cent. America
Argentina,1968,348.16, S. & Cent. America
Argentina,1969,361.53, S. & Cent. America
Argentina,1970,399.46, S. & Cent. America
Argentina,1971,431.54, S. & Cent. America
Argentina,1972,444.12, S. & Cent. America
Argentina,1973,433.64, S. & Cent. America
Argentina,1974,423.39, S. & Cent. America
Argentina,1975,406.09, S. & Cent. America
Argentina,1976,408.02, S. & Cent. America
Argentina,1977,441.72, S. & Cent. America
Argentina,1978,466.2, S. & Cent. America
Argentina,1979,487.28, S. & Cent. America
Argentina,1980,505.71, S. & Cent. America
Argentina,1981,518.93, S. & Cent. America
Argentina,1982,517.08, S. & Cent. America
Argentina,1983,520.17, S. & Cent. America
Argentina,1984,509.01, S. & Cent. America
Argentina,1985,490.79, S. & Cent. America
Argentina,1986,465.37, S. & Cent. America
Argentina,1987,459.4, S. & Cent. America
Argentina,1988,481.2, S. & Cent. America
Argentina,1989,492.29, S. & Cent. America
Argentina,1990,517.41, S. & Cent. America
Argentina,1991,525.61, S. & Cent. America
Argentina,1992,586.87, S. & Cent. America
Argentina,1993,629.87, S. & Cent. America
Argentina,1994,695.49, S. & Cent. America
Argentina,1995,757.92, S. & Cent. America
Argentina,1996,822.8, S. & Cent. America
Argentina,1997,877.43, S. & Cent. America
Argentina,1998,889.95, S. & Cent. America
Argentina,1999,834.55, S. & Cent. America
Argentina,2000,848.38, S. & Cent. America
Argentina,2001,921.31, S. & Cent. America
Argentina,2002,907.62, S. & Cent. America
Argentina,2003,912.92, S. & Cent. America
Argentina,2004,873.9, S. & Cent. America
Argentina,2005,842.48, S. & Cent. America
Argentina,2006,848.52, S. & Cent. America
Argentina,2007,813.93, S. & Cent. America
Argentina,2008,802.33, S. & Cent. America
Argentina,2009,729.69, S. & Cent. America
Argentina,2010,711.84, S. & Cent. America
Argentina,2011,667.24, S. & Cent. America
Argentina,2012,656.73, S. & Cent. America
Argentina,2013,644.85, S. & Cent. America
Argentina,2014,638.02, S. & Cent. America
Argentina,2015,646.85, S. & Cent. America
Argentina,2016,610.1, S. & Cent. America
Argentina,2017,590.55, S. & Cent. America
Argentina,2018,591.81, S. & Cent. America
Brazil,1965,96, S. & Cent. America
Brazil,1966,117, S. & Cent. America
Brazil,1967,147, S. & Cent. America
Brazil,1968,161, S. & Cent. America
Brazil,1969,176, S. & Cent. America
Brazil,1970,166.68, S. & Cent. America
Brazil,1971,174.85, S. & Cent. America
Brazil,1972,171.19, S. & Cent. America
Brazil,1973,173.99, S. & Cent. America
Brazil,1974,181.76, S. & Cent. America
Brazil,1975,177.41, S. & Cent. America
Brazil,1976,172.33, S. & Cent. America
Brazil,1977,166.72, S. & Cent. America
Brazil,1978,165.83, S. & Cent. America
Brazil,1979,171.65, S. & Cent. America
Brazil,1980,187.78, S. & Cent. America
Brazil,1981,220.02, S. & Cent. America
Brazil,1982,267.91, S. & Cent. America
Brazil,1983,339.42, S. & Cent. America
Brazil,1984,473.73, S. & Cent. America
Brazil,1985,560.96, S. & Cent. America
Brazil,1986,591.12, S. & Cent. America
Brazil,1987,589.78, S. & Cent. America
Brazil,1988,573.52, S. & Cent. America
Brazil,1989,613.2, S. & Cent. America
Brazil,1990,650.54, S. & Cent. America
Brazil,1991,643.35, S. & Cent. America
Brazil,1992,652.6, S. & Cent. America
Brazil,1993,667.4, S. & Cent. America
Brazil,1994,691.7, S. & Cent. America
Brazil,1995,714.9, S. & Cent. America
Brazil,1996,808.4, S. & Cent. America
Brazil,1997,869.4, S. & Cent. America
Brazil,1998,1003.2, S. & Cent. America
Brazil,1999,1132.4, S. & Cent. America
Brazil,2000,1276.2, S. & Cent. America
Brazil,2001,1339.1, S. & Cent. America
Brazil,2002,1497.7, S. & Cent. America
Brazil,2003,1557.8, S. & Cent. America
Brazil,2004,1542.8, S. & Cent. America
Brazil,2005,1705.58, S. & Cent. America
Brazil,2006,1806.13, S. & Cent. America
Brazil,2007,1819.73, S. & Cent. America
Brazil,2008,1886.69, S. & Cent. America
Brazil,2009,2019.43, S. & Cent. America
Brazil,2010,2125.05, S. & Cent. America
Brazil,2011,2173.05, S. & Cent. America
Brazil,2012,2131.58, S. & Cent. America
Brazil,2013,2095.98, S. & Cent. America
Brazil,2014,2341.38, S. & Cent. America
Brazil,2015,2524.98, S. & Cent. America
Brazil,2016,2591.35, S. & Cent. America
Brazil,2017,2720.9, S. & Cent. America
Brazil,2018,2682.52, S. & Cent. America
Colombia,1965,203, S. & Cent. America
Colombia,1966,199, S. & Cent. America
Colombia,1967,192, S. & Cent. America
Colombia,1968,176, S. & Cent. America
Colombia,1969,214, S. & Cent. America
Colombia,1970,226, S. & Cent. America
Colombia,1971,224, S. & Cent. America
Colombia,1972,203, S. & Cent. America
Colombia,1973,192, S. & Cent. America
Colombia,1974,175, S. & Cent. America
Colombia,1975,164, S. & Cent. America
Colombia,1976,153, S. & Cent. America
Colombia,1977,144, S. & Cent. America
Colombia,1978,137, S. & Cent. America
Colombia,1979,129, S. & Cent. America
Colombia,1980,131, S. & Cent. America
Colombia,1981,140, S. & Cent. America
Colombia,1982,147, S. & Cent. America
Colombia,1983,158, S. & Cent. America
Colombia,1984,173, S. & Cent. America
Colombia,1985,183, S. & Cent. America
Colombia,1986,307, S. & Cent. America
Colombia,1987,388, S. & Cent. America
Colombia,1988,380, S. & Cent. America
Colombia,1989,407, S. & Cent. America
Colombia,1990,446, S. & Cent. America
Colombia,1991,430, S. & Cent. America
Colombia,1992,442, S. & Cent. America
Colombia,1993,458, S. & Cent. America
Colombia,1994,460, S. & Cent. America
Colombia,1995,591, S. & Cent. America
Colombia,1996,635, S. & Cent. America
Colombia,1997,667, S. & Cent. America
Colombia,1998,775, S. & Cent. America
Colombia,1999,838, S. & Cent. America
Colombia,2000,687, S. & Cent. America
Colombia,2001,604, S. & Cent. America
Colombia,2002,578, S. & Cent. America
Colombia,2003,541, S. & Cent. America
Colombia,2004,528.29, S. & Cent. America
Colombia,2005,526.16, S. & Cent. America
Colombia,2006,527.41, S. & Cent. America
Colombia,2007,531.09, S. & Cent. America
Colombia,2008,587.66, S. & Cent. America
Colombia,2009,670.6, S. & Cent. America
Colombia,2010,785.86, S. & Cent. America
Colombia,2011,915.26, S. & Cent. America
Colombia,2012,944.12, S. & Cent. America
Colombia,2013,1009.87, S. & Cent. America
Colombia,2014,990.38, S. & Cent. America
Colombia,2015,1005.57, S. & Cent. America
Colombia,2016,885.9, S. & Cent. America
Colombia,2017,854.04, S. & Cent. America
Colombia,2018,866.1, S. & Cent. America
Ecuador,1965,8, S. & Cent. America
Ecuador,1966,7, S. & Cent. America
Ecuador,1967,6, S. & Cent. America
Ecuador,1968,5, S. & Cent. America
Ecuador,1969,4, S. & Cent. America
Ecuador,1970,4, S. & Cent. America
Ecuador,1971,4, S. & Cent. America
Ecuador,1972,78, S. & Cent. America
Ecuador,1973,209, S. & Cent. America
Ecuador,1974,177, S. & Cent. America
Ecuador,1975,161, S. & Cent. America
Ecuador,1976,188, S. & Cent. America
Ecuador,1977,184, S. & Cent. America
Ecuador,1978,204, S. & Cent. America
Ecuador,1979,216, S. & Cent. America
Ecuador,1980,206, S. & Cent. America
Ecuador,1981,213, S. & Cent. America
Ecuador,1982,213, S. & Cent. America
Ecuador,1983,240, S. & Cent. America
Ecuador,1984,261, S. & Cent. America
Ecuador,1985,286, S. & Cent. America
Ecuador,1986,298, S. & Cent. America
Ecuador,1987,176, S. & Cent. America
Ecuador,1988,309, S. & Cent. America
Ecuador,1989,286, S. & Cent. America
Ecuador,1990,292, S. & Cent. America
Ecuador,1991,307, S. & Cent. America
Ecuador,1992,328, S. & Cent. America
Ecuador,1993,353, S. & Cent. America
Ecuador,1994,388, S. & Cent. America
Ecuador,1995,395, S. & Cent. America
Ecuador,1996,393, S. & Cent. America
Ecuador,1997,397, S. & Cent. America
Ecuador,1998,385, S. & Cent. America
Ecuador,1999,383, S. & Cent. America
Ecuador,2000,403, S. & Cent. America
Ecuador,2001,410, S. & Cent. America
Ecuador,2002,394, S. & Cent. America
Ecuador,2003,420, S. & Cent. America
Ecuador,2004,528, S. & Cent. America
Ecuador,2005,534, S. & Cent. America
Ecuador,2006,537.68, S. & Cent. America
Ecuador,2007,513.09, S. & Cent. America
Ecuador,2008,506.72, S. & Cent. America
Ecuador,2009,488.07, S. & Cent. America
Ecuador,2010,488.09, S. & Cent. America
Ecuador,2011,500.61, S. & Cent. America
Ecuador,2012,504.62, S. & Cent. America
Ecuador,2013,527.35, S. & Cent. America
Ecuador,2014,556.55, S. & Cent. America
Ecuador,2015,543.09, S. & Cent. America
Ecuador,2016,548.39, S. & Cent. America
Ecuador,2017,531.31, S. & Cent. America
Ecuador,2018,517.23, S. & Cent. America
Other S. & Cent. America,1965,47.13, S. & Cent. America
Other S. & Cent. America,1966,54.41, S. & Cent. America
Other S. & Cent. America,1967,78.21, S. & Cent. America
Other S. & Cent. America,1968,84.57, S. & Cent. America
Other S. & Cent. America,1969,83.8, S. & Cent. America
Other S. & Cent. America,1970,63.95, S. & Cent. America
Other S. & Cent. America,1971,80.38, S. & Cent. America
Other S. & Cent. America,1972,89.24, S. & Cent. America
Other S. & Cent. America,1973,89.74, S. & Cent. America
Other S. & Cent. America,1974,85.6, S. & Cent. America
Other S. & Cent. America,1975,77.88, S. & Cent. America
Other S. & Cent. America,1976,77.65, S. & Cent. America
Other S. & Cent. America,1977,68.01, S. & Cent. America
Other S. & Cent. America,1978,65.87, S. & Cent. America
Other S. & Cent. America,1979,66.25, S. & Cent. America
Other S. & Cent. America,1980,80.06, S. & Cent. America
Other S. & Cent. America,1981,87.1, S. & Cent. America
Other S. & Cent. America,1982,99.38, S. & Cent. America
Other S. & Cent. America,1983,97.91, S. & Cent. America
Other S. & Cent. America,1984,94.69, S. & Cent. America
Other S. & Cent. America,1985,91.16, S. & Cent. America
Other S. & Cent. America,1986,88.82, S. & Cent. America
Other S. & Cent. America,1987,85.65, S. & Cent. America
Other S. & Cent. America,1988,77.08, S. & Cent. America
Other S. & Cent. America,1989,76.19, S. & Cent. America
Other S. & Cent. America,1990,77.25, S. & Cent. America
Other S. & Cent. America,1991,77.19, S. & Cent. America
Other S. & Cent. America,1992,76.02, S. & Cent. America
Other S. & Cent. America,1993,82.53, S. & Cent. America
Other S. & Cent. America,1994,89.5, S. & Cent. America
Other S. & Cent. America,1995,96.4, S. & Cent. America
Other S. & Cent. America,1996,101.76, S. & Cent. America
Other S. & Cent. America,1997,107.61, S. & Cent. America
Other S. & Cent. America,1998,124.93, S. & Cent. America
Other S. & Cent. America,1999,123.53, S. & Cent. America
Other S. & Cent. America,2000,125.52, S. & Cent. America
Other S. & Cent. America,2001,133.61, S. & Cent. America
Other S. & Cent. America,2002,149.11, S. & Cent. America
Other S. & Cent. America,2003,149.24, S. & Cent. America
Other S. & Cent. America,2004,143.41, S. & Cent. America
Other S. & Cent. America,2005,143.1, S. & Cent. America
Other S. & Cent. America,2006,138.69, S. & Cent. America
Other S. & Cent. America,2007,148.46, S. & Cent. America
Other S. & Cent. America,2008,143.12, S. & Cent. America
Other S. & Cent. America,2009,135.67, S. & Cent. America
Other S. & Cent. America,2010,144.34, S. & Cent. America
Other S. & Cent. America,2011,144.43, S. & Cent. America
Other S. & Cent. America,2012,147.1, S. & Cent. America
Other S. & Cent. America,2013,151.72, S. & Cent. America
Other S. & Cent. America,2014,154.7, S. & Cent. America
Other S. & Cent. America,2015,145.5, S. & Cent. America
Other S. & Cent. America,2016,134.9, S. & Cent. America
Other S. & Cent. America,2017,131.54, S. & Cent. America
Other S. & Cent. America,2018,124.23, S. & Cent. America
Peru,1965,66, S. & Cent. America
Peru,1966,66, S. & Cent. America
Peru,1967,74, S. & Cent. America
Peru,1968,77, S. & Cent. America
Peru,1969,75, S. & Cent. America
Peru,1970,74.97, S. & Cent. America
Peru,1971,63.88, S. & Cent. America
Peru,1972,66.6, S. & Cent. America
Peru,1973,72.59, S. & Cent. America
Peru,1974,79.1, S. & Cent. America
Peru,1975,73.04, S. & Cent. America
Peru,1976,77.41, S. & Cent. America
Peru,1977,92.15, S. & Cent. America
Peru,1978,151.88, S. & Cent. America
Peru,1979,192.65, S. & Cent. America
Peru,1980,195.96, S. & Cent. America
Peru,1981,193.96, S. & Cent. America
Peru,1982,196.06, S. & Cent. America
Peru,1983,171.11, S. & Cent. America
Peru,1984,185.08, S. & Cent. America
Peru,1985,189.46, S. & Cent. America
Peru,1986,178.54, S. & Cent. America
Peru,1987,164.64, S. & Cent. America
Peru,1988,142.3, S. & Cent. America
Peru,1989,131.4, S. & Cent. America
Peru,1990,129.9, S. & Cent. America
Peru,1991,115.79, S. & Cent. America
Peru,1992,116.57, S. & Cent. America
Peru,1993,127.28, S. & Cent. America
Peru,1994,128.31, S. & Cent. America
Peru,1995,122.76, S. & Cent. America
Peru,1996,120.97, S. & Cent. America
Peru,1997,120.24, S. & Cent. America
Peru,1998,116.47, S. & Cent. America
Peru,1999,106.85, S. & Cent. America
Peru,2000,99.86, S. & Cent. America
Peru,2001,97.79, S. & Cent. America
Peru,2002,94.47, S. & Cent. America
Peru,2003,91.9, S. & Cent. America
Peru,2004,93.33, S. & Cent. America
Peru,2005,112.44, S. & Cent. America
Peru,2006,117.68, S. & Cent. America
Peru,2007,116.54, S. & Cent. America
Peru,2008,122.13, S. & Cent. America
Peru,2009,155.45, S. & Cent. America
Peru,2010,165.21, S. & Cent. America
Peru,2011,158.51, S. & Cent. America
Peru,2012,157.23, S. & Cent. America
Peru,2013,171.32, S. & Cent. America
Peru,2014,175.23, S. & Cent. America
Peru,2015,152.95, S. & Cent. America
Peru,2016,140.7, S. & Cent. America
Peru,2017,136.64, S. & Cent. America
Peru,2018,153.63, S. & Cent. America
Trinidad & Tobago,1965,135, S. & Cent. America
Trinidad & Tobago,1966,153, S. & Cent. America
Trinidad & Tobago,1967,179, S. & Cent. America
Trinidad & Tobago,1968,191, S. & Cent. America
Trinidad & Tobago,1969,157, S. & Cent. America
Trinidad & Tobago,1970,140, S. & Cent. America
Trinidad & Tobago,1971,129, S. & Cent. America
Trinidad & Tobago,1972,141, S. & Cent. America
Trinidad & Tobago,1973,166, S. & Cent. America
Trinidad & Tobago,1974,187, S. & Cent. America
Trinidad & Tobago,1975,216, S. & Cent. America
Trinidad & Tobago,1976,212, S. & Cent. America
Trinidad & Tobago,1977,229, S. & Cent. America
Trinidad & Tobago,1978,230, S. & Cent. America
Trinidad & Tobago,1979,214, S. & Cent. America
Trinidad & Tobago,1980,212, S. & Cent. America
Trinidad & Tobago,1981,189, S. & Cent. America
Trinidad & Tobago,1982,177, S. & Cent. America
Trinidad & Tobago,1983,160, S. & Cent. America
Trinidad & Tobago,1984,170, S. & Cent. America
Trinidad & Tobago,1985,176, S. & Cent. America
Trinidad & Tobago,1986,169, S. & Cent. America
Trinidad & Tobago,1987,155, S. & Cent. America
Trinidad & Tobago,1988,151, S. & Cent. America
Trinidad & Tobago,1989,149, S. & Cent. America
Trinidad & Tobago,1990,150, S. & Cent. America
Trinidad & Tobago,1991,149, S. & Cent. America
Trinidad & Tobago,1992,144, S. & Cent. America
Trinidad & Tobago,1993,134, S. & Cent. America
Trinidad & Tobago,1994,141, S. & Cent. America
Trinidad & Tobago,1995,142, S. & Cent. America
Trinidad & Tobago,1996,141, S. & Cent. America
Trinidad & Tobago,1997,135, S. & Cent. America
Trinidad & Tobago,1998,134, S. & Cent. America
Trinidad & Tobago,1999,141, S. & Cent. America
Trinidad & Tobago,2000,138.21, S. & Cent. America
Trinidad & Tobago,2001,134.05, S. & Cent. America
Trinidad & Tobago,2002,154.23, S. & Cent. America
Trinidad & Tobago,2003,163.55, S. & Cent. America
Trinidad & Tobago,2004,152.09, S. & Cent. America
Trinidad & Tobago,2005,171.52, S. & Cent. America
Trinidad & Tobago,2006,174.27, S. & Cent. America
Trinidad & Tobago,2007,155.17, S. & Cent. America
Trinidad & Tobago,2008,149.03, S. & Cent. America
Trinidad & Tobago,2009,150.31, S. & Cent. America
Trinidad & Tobago,2010,145.37, S. & Cent. America
Trinidad & Tobago,2011,135.87, S. & Cent. America
Trinidad & Tobago,2012,116.95, S. & Cent. America
Trinidad & Tobago,2013,115.6, S. & Cent. America
Trinidad & Tobago,2014,114.12, S. & Cent. America
Trinidad & Tobago,2015,108.75, S. & Cent. America
Trinidad & Tobago,2016,96.66, S. & Cent. America
Trinidad & Tobago,2017,98.69, S. & Cent. America
Trinidad & Tobago,2018,87.32, S. & Cent. America
Venezuela,1965,3503, S. & Cent. America
Venezuela,1966,3402, S. & Cent. America
Venezuela,1967,3576, S. & Cent. America
Venezuela,1968,3639, S. & Cent. America
Venezuela,1969,3631, S. & Cent. America
Venezuela,1970,3754, S. & Cent. America
Venezuela,1971,3615, S. & Cent. America
Venezuela,1972,3301, S. & Cent. America
Venezuela,1973,3455, S. & Cent. America
Venezuela,1974,3060, S. & Cent. America
Venezuela,1975,2422, S. & Cent. America
Venezuela,1976,2371, S. & Cent. America
Venezuela,1977,2314, S. & Cent. America
Venezuela,1978,2227, S. & Cent. America
Venezuela,1979,2425, S. & Cent. America
Venezuela,1980,2228, S. & Cent. America
Venezuela,1981,2163, S. & Cent. America
Venezuela,1982,1954, S. & Cent. America
Venezuela,1983,1852, S. & Cent. America
Venezuela,1984,1853, S. & Cent. America
Venezuela,1985,1744, S. & Cent. America
Venezuela,1986,1886, S. & Cent. America
Venezuela,1987,1910, S. & Cent. America
Venezuela,1988,1998, S. & Cent. America
Venezuela,1989,2012, S. & Cent. America
Venezuela,1990,2244, S. & Cent. America
Venezuela,1991,2501, S. & Cent. America
Venezuela,1992,2499, S. & Cent. America
Venezuela,1993,2592, S. & Cent. America
Venezuela,1994,2752, S. & Cent. America
Venezuela,1995,2959, S. & Cent. America
Venezuela,1996,3137, S. & Cent. America
Venezuela,1997,3321.12, S. & Cent. America
Venezuela,1998,3447.31, S. & Cent. America
Venezuela,1999,3095.06, S. & Cent. America
Venezuela,2000,3111.63, S. & Cent. America
Venezuela,2001,3174.43, S. & Cent. America
Venezuela,2002,2975.09, S. & Cent. America
Venezuela,2003,2868.56, S. & Cent. America
Venezuela,2004,3305.9, S. & Cent. America
Venezuela,2005,3302.11, S. & Cent. America
Venezuela,2006,3339.69, S. & Cent. America
Venezuela,2007,3237.07, S. & Cent. America
Venezuela,2008,3228.17, S. & Cent. America
Venezuela,2009,3037.84, S. & Cent. America
Venezuela,2010,2841.57, S. & Cent. America
Venezuela,2011,2755.02, S. & Cent. America
Venezuela,2012,2703.73, S. & Cent. America
Venezuela,2013,2680.36, S. & Cent. America
Venezuela,2014,2692.49, S. & Cent. America
Venezuela,2015,2630.86, S. & Cent. America
Venezuela,2016,2347, S. & Cent. America
Venezuela,2017,2096.04, S. & Cent. America
Venezuela,2018,1513.86, S. & Cent. America
