Temperature - (Celsius), Year, Statistics, Country, ISO3
11.6245, 1901, Jan Average, Algeria, DZA
13.5691, 1901, Feb Average, Algeria, DZA
17.6054, 1901, Mar Average, Algeria, DZA
22.9699, 1901, Apr Average, Algeria, DZA
25.2967, 1901, May Average, Algeria, DZA
31.8383, 1901, Jun Average, Algeria, DZA
32.4921, 1901, Jul Average, Algeria, DZA
31.9569, 1901, Aug Average, Algeria, DZA
28.573, 1901, Sep Average, Algeria, DZA
22.2757, 1901, Oct Average, Algeria, DZA
17.2219, 1901, Nov Average, Algeria, DZA
12.0566, 1901, Dec Average, Algeria, DZA
11.2588, 1902, Jan Average, Algeria, DZA
15.3432, 1902, Feb Average, Algeria, DZA
18.1023, 1902, Mar Average, Algeria, DZA
23.1037, 1902, Apr Average, Algeria, DZA
25.07, 1902, May Average, Algeria, DZA
29.2886, 1902, Jun Average, Algeria, DZA
32.5636, 1902, Jul Average, Algeria, DZA
32.0775, 1902, Aug Average, Algeria, DZA
28.339, 1902, Sep Average, Algeria, DZA
22.0322, 1902, Oct Average, Algeria, DZA
17.4924, 1902, Nov Average, Algeria, DZA
13.0859, 1902, Dec Average, Algeria, DZA
12.7688, 1903, Jan Average, Algeria, DZA
14.5275, 1903, Feb Average, Algeria, DZA
18.0841, 1903, Mar Average, Algeria, DZA
21.5822, 1903, Apr Average, Algeria, DZA
25.7164, 1903, May Average, Algeria, DZA
29.4119, 1903, Jun Average, Algeria, DZA
31.3335, 1903, Jul Average, Algeria, DZA
31.167, 1903, Aug Average, Algeria, DZA
28.1541, 1903, Sep Average, Algeria, DZA
23.7696, 1903, Oct Average, Algeria, DZA
17.2904, 1903, Nov Average, Algeria, DZA
12.861, 1903, Dec Average, Algeria, DZA
11.7944, 1904, Jan Average, Algeria, DZA
15.1785, 1904, Feb Average, Algeria, DZA
17.715, 1904, Mar Average, Algeria, DZA
22.0921, 1904, Apr Average, Algeria, DZA
26.3019, 1904, May Average, Algeria, DZA
30.6611, 1904, Jun Average, Algeria, DZA
32.55, 1904, Jul Average, Algeria, DZA
32.0661, 1904, Aug Average, Algeria, DZA
28.1074, 1904, Sep Average, Algeria, DZA
23.2655, 1904, Oct Average, Algeria, DZA
17.0734, 1904, Nov Average, Algeria, DZA
13.5595, 1904, Dec Average, Algeria, DZA
10.9481, 1905, Jan Average, Algeria, DZA
12.2803, 1905, Feb Average, Algeria, DZA
18.0517, 1905, Mar Average, Algeria, DZA
22.9198, 1905, Apr Average, Algeria, DZA
25.5334, 1905, May Average, Algeria, DZA
30.3414, 1905, Jun Average, Algeria, DZA
31.9871, 1905, Jul Average, Algeria, DZA
31.4417, 1905, Aug Average, Algeria, DZA
28.4191, 1905, Sep Average, Algeria, DZA
22.5636, 1905, Oct Average, Algeria, DZA
17.4987, 1905, Nov Average, Algeria, DZA
12.697, 1905, Dec Average, Algeria, DZA
12.2738, 1906, Jan Average, Algeria, DZA
13.0149, 1906, Feb Average, Algeria, DZA
17.9275, 1906, Mar Average, Algeria, DZA
21.7497, 1906, Apr Average, Algeria, DZA
25.8161, 1906, May Average, Algeria, DZA
30.5195, 1906, Jun Average, Algeria, DZA
31.537, 1906, Jul Average, Algeria, DZA
31.3301, 1906, Aug Average, Algeria, DZA
28.5297, 1906, Sep Average, Algeria, DZA
23.0468, 1906, Oct Average, Algeria, DZA
17.1597, 1906, Nov Average, Algeria, DZA
12.1954, 1906, Dec Average, Algeria, DZA
11.0811, 1907, Jan Average, Algeria, DZA
12.3613, 1907, Feb Average, Algeria, DZA
16.5529, 1907, Mar Average, Algeria, DZA
20.9462, 1907, Apr Average, Algeria, DZA
25.3955, 1907, May Average, Algeria, DZA
29.8159, 1907, Jun Average, Algeria, DZA
31.5808, 1907, Jul Average, Algeria, DZA
31.1635, 1907, Aug Average, Algeria, DZA
28.2336, 1907, Sep Average, Algeria, DZA
23.1795, 1907, Oct Average, Algeria, DZA
18.1227, 1907, Nov Average, Algeria, DZA
13.6626, 1907, Dec Average, Algeria, DZA
12.5354, 1908, Jan Average, Algeria, DZA
13.673, 1908, Feb Average, Algeria, DZA
16.7268, 1908, Mar Average, Algeria, DZA
20.7069, 1908, Apr Average, Algeria, DZA
26.5812, 1908, May Average, Algeria, DZA
29.6526, 1908, Jun Average, Algeria, DZA
31.7967, 1908, Jul Average, Algeria, DZA
31.0424, 1908, Aug Average, Algeria, DZA
28.5764, 1908, Sep Average, Algeria, DZA
23.2611, 1908, Oct Average, Algeria, DZA
17.7641, 1908, Nov Average, Algeria, DZA
13.0951, 1908, Dec Average, Algeria, DZA
11.154, 1909, Jan Average, Algeria, DZA
13.5914, 1909, Feb Average, Algeria, DZA
18.6262, 1909, Mar Average, Algeria, DZA
21.8344, 1909, Apr Average, Algeria, DZA
25.4207, 1909, May Average, Algeria, DZA
29.0544, 1909, Jun Average, Algeria, DZA
30.7174, 1909, Jul Average, Algeria, DZA
30.7928, 1909, Aug Average, Algeria, DZA
27.8978, 1909, Sep Average, Algeria, DZA
23.3223, 1909, Oct Average, Algeria, DZA
17.9624, 1909, Nov Average, Algeria, DZA
14.1253, 1909, Dec Average, Algeria, DZA
11.4379, 1910, Jan Average, Algeria, DZA
14.2985, 1910, Feb Average, Algeria, DZA
17.0765, 1910, Mar Average, Algeria, DZA
21.14, 1910, Apr Average, Algeria, DZA
24.7761, 1910, May Average, Algeria, DZA
29.9416, 1910, Jun Average, Algeria, DZA
31.8348, 1910, Jul Average, Algeria, DZA
30.9529, 1910, Aug Average, Algeria, DZA
27.3565, 1910, Sep Average, Algeria, DZA
23.9838, 1910, Oct Average, Algeria, DZA
17.7776, 1910, Nov Average, Algeria, DZA
13.7835, 1910, Dec Average, Algeria, DZA
10.693, 1911, Jan Average, Algeria, DZA
13.9522, 1911, Feb Average, Algeria, DZA
17.01, 1911, Mar Average, Algeria, DZA
21.2116, 1911, Apr Average, Algeria, DZA
24.9369, 1911, May Average, Algeria, DZA
30.2955, 1911, Jun Average, Algeria, DZA
32.0438, 1911, Jul Average, Algeria, DZA
32.2453, 1911, Aug Average, Algeria, DZA
29.3625, 1911, Sep Average, Algeria, DZA
23.43, 1911, Oct Average, Algeria, DZA
16.9919, 1911, Nov Average, Algeria, DZA
13.7607, 1911, Dec Average, Algeria, DZA
12.359, 1912, Jan Average, Algeria, DZA
16.6114, 1912, Feb Average, Algeria, DZA
19.0077, 1912, Mar Average, Algeria, DZA
21.5836, 1912, Apr Average, Algeria, DZA
26.5784, 1912, May Average, Algeria, DZA
30.0406, 1912, Jun Average, Algeria, DZA
31.2616, 1912, Jul Average, Algeria, DZA
30.8312, 1912, Aug Average, Algeria, DZA
27.4327, 1912, Sep Average, Algeria, DZA
22.6773, 1912, Oct Average, Algeria, DZA
15.783, 1912, Nov Average, Algeria, DZA
12.4982, 1912, Dec Average, Algeria, DZA
12.991, 1913, Jan Average, Algeria, DZA
14.3036, 1913, Feb Average, Algeria, DZA
17.4885, 1913, Mar Average, Algeria, DZA
21.2442, 1913, Apr Average, Algeria, DZA
25.9179, 1913, May Average, Algeria, DZA
30.4518, 1913, Jun Average, Algeria, DZA
31.9731, 1913, Jul Average, Algeria, DZA
31.4002, 1913, Aug Average, Algeria, DZA
28.3689, 1913, Sep Average, Algeria, DZA
23.3981, 1913, Oct Average, Algeria, DZA
17.6509, 1913, Nov Average, Algeria, DZA
12.8781, 1913, Dec Average, Algeria, DZA
11.534, 1914, Jan Average, Algeria, DZA
14.5494, 1914, Feb Average, Algeria, DZA
18.2435, 1914, Mar Average, Algeria, DZA
22.4587, 1914, Apr Average, Algeria, DZA
26.4173, 1914, May Average, Algeria, DZA
29.7015, 1914, Jun Average, Algeria, DZA
31.7404, 1914, Jul Average, Algeria, DZA
30.5925, 1914, Aug Average, Algeria, DZA
27.9544, 1914, Sep Average, Algeria, DZA
22.6349, 1914, Oct Average, Algeria, DZA
17.2021, 1914, Nov Average, Algeria, DZA
12.6537, 1914, Dec Average, Algeria, DZA
11.009, 1915, Jan Average, Algeria, DZA
13.3601, 1915, Feb Average, Algeria, DZA
18.3811, 1915, Mar Average, Algeria, DZA
20.4415, 1915, Apr Average, Algeria, DZA
25.7817, 1915, May Average, Algeria, DZA
29.4757, 1915, Jun Average, Algeria, DZA
32.3451, 1915, Jul Average, Algeria, DZA
31.8255, 1915, Aug Average, Algeria, DZA
27.7298, 1915, Sep Average, Algeria, DZA
21.7013, 1915, Oct Average, Algeria, DZA
16.8059, 1915, Nov Average, Algeria, DZA
13.0414, 1915, Dec Average, Algeria, DZA
10.8991, 1916, Jan Average, Algeria, DZA
13.3881, 1916, Feb Average, Algeria, DZA
17.4755, 1916, Mar Average, Algeria, DZA
20.9975, 1916, Apr Average, Algeria, DZA
25.7773, 1916, May Average, Algeria, DZA
29.8289, 1916, Jun Average, Algeria, DZA
32.1668, 1916, Jul Average, Algeria, DZA
31.169, 1916, Aug Average, Algeria, DZA
26.9337, 1916, Sep Average, Algeria, DZA
22.3791, 1916, Oct Average, Algeria, DZA
16.1301, 1916, Nov Average, Algeria, DZA
13.1984, 1916, Dec Average, Algeria, DZA
11.212, 1917, Jan Average, Algeria, DZA
14.186, 1917, Feb Average, Algeria, DZA
16.2361, 1917, Mar Average, Algeria, DZA
20.3271, 1917, Apr Average, Algeria, DZA
25.6407, 1917, May Average, Algeria, DZA
29.9315, 1917, Jun Average, Algeria, DZA
32.2365, 1917, Jul Average, Algeria, DZA
31.9606, 1917, Aug Average, Algeria, DZA
28.7219, 1917, Sep Average, Algeria, DZA
21.8132, 1917, Oct Average, Algeria, DZA
14.9068, 1917, Nov Average, Algeria, DZA
10.8395, 1917, Dec Average, Algeria, DZA
11.7157, 1918, Jan Average, Algeria, DZA
12.4793, 1918, Feb Average, Algeria, DZA
15.6129, 1918, Mar Average, Algeria, DZA
20.5085, 1918, Apr Average, Algeria, DZA
25.3687, 1918, May Average, Algeria, DZA
30.1242, 1918, Jun Average, Algeria, DZA
31.9544, 1918, Jul Average, Algeria, DZA
30.7205, 1918, Aug Average, Algeria, DZA
28.5316, 1918, Sep Average, Algeria, DZA
21.2238, 1918, Oct Average, Algeria, DZA
16.2829, 1918, Nov Average, Algeria, DZA
12.7028, 1918, Dec Average, Algeria, DZA
11.2656, 1919, Jan Average, Algeria, DZA
15.1188, 1919, Feb Average, Algeria, DZA
18.1509, 1919, Mar Average, Algeria, DZA
21.4029, 1919, Apr Average, Algeria, DZA
25.336, 1919, May Average, Algeria, DZA
29.9514, 1919, Jun Average, Algeria, DZA
31.4612, 1919, Jul Average, Algeria, DZA
31.6249, 1919, Aug Average, Algeria, DZA
28.5674, 1919, Sep Average, Algeria, DZA
22.5033, 1919, Oct Average, Algeria, DZA
17.3452, 1919, Nov Average, Algeria, DZA
12.0931, 1919, Dec Average, Algeria, DZA
12.1299, 1920, Jan Average, Algeria, DZA
14.5582, 1920, Feb Average, Algeria, DZA
17.6912, 1920, Mar Average, Algeria, DZA
22.3666, 1920, Apr Average, Algeria, DZA
26.4727, 1920, May Average, Algeria, DZA
30.4043, 1920, Jun Average, Algeria, DZA
32.2533, 1920, Jul Average, Algeria, DZA
31.4748, 1920, Aug Average, Algeria, DZA
28.3178, 1920, Sep Average, Algeria, DZA
23.0567, 1920, Oct Average, Algeria, DZA
16.7316, 1920, Nov Average, Algeria, DZA
12.8062, 1920, Dec Average, Algeria, DZA
12.053, 1921, Jan Average, Algeria, DZA
14.482, 1921, Feb Average, Algeria, DZA
17.2868, 1921, Mar Average, Algeria, DZA
20.8193, 1921, Apr Average, Algeria, DZA
25.6209, 1921, May Average, Algeria, DZA
29.6174, 1921, Jun Average, Algeria, DZA
32.3456, 1921, Jul Average, Algeria, DZA
31.3305, 1921, Aug Average, Algeria, DZA
29.0793, 1921, Sep Average, Algeria, DZA
23.8476, 1921, Oct Average, Algeria, DZA
16.8267, 1921, Nov Average, Algeria, DZA
12.0773, 1921, Dec Average, Algeria, DZA
11.7717, 1922, Jan Average, Algeria, DZA
14.6631, 1922, Feb Average, Algeria, DZA
17.9546, 1922, Mar Average, Algeria, DZA
22.4967, 1922, Apr Average, Algeria, DZA
26.8732, 1922, May Average, Algeria, DZA
30.2624, 1922, Jun Average, Algeria, DZA
31.9426, 1922, Jul Average, Algeria, DZA
31.4953, 1922, Aug Average, Algeria, DZA
26.6743, 1922, Sep Average, Algeria, DZA
23.0775, 1922, Oct Average, Algeria, DZA
16.1623, 1922, Nov Average, Algeria, DZA
11.6089, 1922, Dec Average, Algeria, DZA
9.90691, 1923, Jan Average, Algeria, DZA
14.1198, 1923, Feb Average, Algeria, DZA
17.7073, 1923, Mar Average, Algeria, DZA
20.4329, 1923, Apr Average, Algeria, DZA
26.156, 1923, May Average, Algeria, DZA
29.2443, 1923, Jun Average, Algeria, DZA
32.2604, 1923, Jul Average, Algeria, DZA
32.153, 1923, Aug Average, Algeria, DZA
27.3827, 1923, Sep Average, Algeria, DZA
24.3703, 1923, Oct Average, Algeria, DZA
17.7568, 1923, Nov Average, Algeria, DZA
11.6243, 1923, Dec Average, Algeria, DZA
11.8438, 1924, Jan Average, Algeria, DZA
14.0374, 1924, Feb Average, Algeria, DZA
18.453, 1924, Mar Average, Algeria, DZA
22.5956, 1924, Apr Average, Algeria, DZA
28.3895, 1924, May Average, Algeria, DZA
31.3378, 1924, Jun Average, Algeria, DZA
32.605, 1924, Jul Average, Algeria, DZA
31.1959, 1924, Aug Average, Algeria, DZA
28.735, 1924, Sep Average, Algeria, DZA
23.0963, 1924, Oct Average, Algeria, DZA
17.2277, 1924, Nov Average, Algeria, DZA
12.3357, 1924, Dec Average, Algeria, DZA
10.4624, 1925, Jan Average, Algeria, DZA
13.7011, 1925, Feb Average, Algeria, DZA
16.247, 1925, Mar Average, Algeria, DZA
21.7049, 1925, Apr Average, Algeria, DZA
25.5403, 1925, May Average, Algeria, DZA
29.8851, 1925, Jun Average, Algeria, DZA
31.4279, 1925, Jul Average, Algeria, DZA
32.2992, 1925, Aug Average, Algeria, DZA
28.2183, 1925, Sep Average, Algeria, DZA
22.174, 1925, Oct Average, Algeria, DZA
16.3919, 1925, Nov Average, Algeria, DZA
13.7479, 1925, Dec Average, Algeria, DZA
12.81, 1926, Jan Average, Algeria, DZA
15.8796, 1926, Feb Average, Algeria, DZA
18.1609, 1926, Mar Average, Algeria, DZA
22.1231, 1926, Apr Average, Algeria, DZA
26.0035, 1926, May Average, Algeria, DZA
30.6716, 1926, Jun Average, Algeria, DZA
32.9734, 1926, Jul Average, Algeria, DZA
31.7975, 1926, Aug Average, Algeria, DZA
29.6487, 1926, Sep Average, Algeria, DZA
24.8368, 1926, Oct Average, Algeria, DZA
16.7568, 1926, Nov Average, Algeria, DZA
12.2041, 1926, Dec Average, Algeria, DZA
11.5261, 1927, Jan Average, Algeria, DZA
13.7221, 1927, Feb Average, Algeria, DZA
18.0857, 1927, Mar Average, Algeria, DZA
22.125, 1927, Apr Average, Algeria, DZA
27.1719, 1927, May Average, Algeria, DZA
31.3752, 1927, Jun Average, Algeria, DZA
31.7579, 1927, Jul Average, Algeria, DZA
32.102, 1927, Aug Average, Algeria, DZA
28.6677, 1927, Sep Average, Algeria, DZA
23.5941, 1927, Oct Average, Algeria, DZA
17.1455, 1927, Nov Average, Algeria, DZA
13.4359, 1927, Dec Average, Algeria, DZA
11.332, 1928, Jan Average, Algeria, DZA
14.3932, 1928, Feb Average, Algeria, DZA
18.4211, 1928, Mar Average, Algeria, DZA
21.9847, 1928, Apr Average, Algeria, DZA
25.5153, 1928, May Average, Algeria, DZA
31.2376, 1928, Jun Average, Algeria, DZA
33.6628, 1928, Jul Average, Algeria, DZA
32.2689, 1928, Aug Average, Algeria, DZA
29.5623, 1928, Sep Average, Algeria, DZA
23.4221, 1928, Oct Average, Algeria, DZA
16.8243, 1928, Nov Average, Algeria, DZA
11.9769, 1928, Dec Average, Algeria, DZA
11.1058, 1929, Jan Average, Algeria, DZA
14.2129, 1929, Feb Average, Algeria, DZA
17.6105, 1929, Mar Average, Algeria, DZA
22.2898, 1929, Apr Average, Algeria, DZA
26.0283, 1929, May Average, Algeria, DZA
30.8874, 1929, Jun Average, Algeria, DZA
32.2641, 1929, Jul Average, Algeria, DZA
31.0746, 1929, Aug Average, Algeria, DZA
28.7781, 1929, Sep Average, Algeria, DZA
23.0022, 1929, Oct Average, Algeria, DZA
16.9917, 1929, Nov Average, Algeria, DZA
12.7045, 1929, Dec Average, Algeria, DZA
12.6127, 1930, Jan Average, Algeria, DZA
14.2443, 1930, Feb Average, Algeria, DZA
18.5534, 1930, Mar Average, Algeria, DZA
21.8323, 1930, Apr Average, Algeria, DZA
26.6164, 1930, May Average, Algeria, DZA
30.3425, 1930, Jun Average, Algeria, DZA
31.8421, 1930, Jul Average, Algeria, DZA
32.2172, 1930, Aug Average, Algeria, DZA
29.0108, 1930, Sep Average, Algeria, DZA
24.4588, 1930, Oct Average, Algeria, DZA
19.0316, 1930, Nov Average, Algeria, DZA
14.0957, 1930, Dec Average, Algeria, DZA
12.4525, 1931, Jan Average, Algeria, DZA
13.528, 1931, Feb Average, Algeria, DZA
19.2428, 1931, Mar Average, Algeria, DZA
22.6453, 1931, Apr Average, Algeria, DZA
26.9837, 1931, May Average, Algeria, DZA
32.1637, 1931, Jun Average, Algeria, DZA
32.9661, 1931, Jul Average, Algeria, DZA
32.0606, 1931, Aug Average, Algeria, DZA
27.7484, 1931, Sep Average, Algeria, DZA
23.8138, 1931, Oct Average, Algeria, DZA
18.2534, 1931, Nov Average, Algeria, DZA
12.549, 1931, Dec Average, Algeria, DZA
11.536, 1932, Jan Average, Algeria, DZA
13.4985, 1932, Feb Average, Algeria, DZA
18.3016, 1932, Mar Average, Algeria, DZA
21.7126, 1932, Apr Average, Algeria, DZA
26.3882, 1932, May Average, Algeria, DZA
30.0613, 1932, Jun Average, Algeria, DZA
31.0132, 1932, Jul Average, Algeria, DZA
31.4434, 1932, Aug Average, Algeria, DZA
28.7382, 1932, Sep Average, Algeria, DZA
22.0027, 1932, Oct Average, Algeria, DZA
17.2541, 1932, Nov Average, Algeria, DZA
13.2827, 1932, Dec Average, Algeria, DZA
11.6268, 1933, Jan Average, Algeria, DZA
14.6576, 1933, Feb Average, Algeria, DZA
17.3784, 1933, Mar Average, Algeria, DZA
23.006, 1933, Apr Average, Algeria, DZA
27.0335, 1933, May Average, Algeria, DZA
29.8528, 1933, Jun Average, Algeria, DZA
32.272, 1933, Jul Average, Algeria, DZA
32.5312, 1933, Aug Average, Algeria, DZA
28.7425, 1933, Sep Average, Algeria, DZA
23.847, 1933, Oct Average, Algeria, DZA
16.3996, 1933, Nov Average, Algeria, DZA
11.8734, 1933, Dec Average, Algeria, DZA
10.1765, 1934, Jan Average, Algeria, DZA
12.9265, 1934, Feb Average, Algeria, DZA
16.2998, 1934, Mar Average, Algeria, DZA
21.815, 1934, Apr Average, Algeria, DZA
26.2678, 1934, May Average, Algeria, DZA
31.0737, 1934, Jun Average, Algeria, DZA
32.3951, 1934, Jul Average, Algeria, DZA
30.9569, 1934, Aug Average, Algeria, DZA
28.7774, 1934, Sep Average, Algeria, DZA
23.4896, 1934, Oct Average, Algeria, DZA
17.3304, 1934, Nov Average, Algeria, DZA
13.8036, 1934, Dec Average, Algeria, DZA
10.6453, 1935, Jan Average, Algeria, DZA
13.723, 1935, Feb Average, Algeria, DZA
18.005, 1935, Mar Average, Algeria, DZA
22.4083, 1935, Apr Average, Algeria, DZA
25.5726, 1935, May Average, Algeria, DZA
31.4344, 1935, Jun Average, Algeria, DZA
33.2146, 1935, Jul Average, Algeria, DZA
31.8724, 1935, Aug Average, Algeria, DZA
29.4835, 1935, Sep Average, Algeria, DZA
22.6688, 1935, Oct Average, Algeria, DZA
18.1823, 1935, Nov Average, Algeria, DZA
13.6922, 1935, Dec Average, Algeria, DZA
13.5484, 1936, Jan Average, Algeria, DZA
16.186, 1936, Feb Average, Algeria, DZA
18.7889, 1936, Mar Average, Algeria, DZA
22.8833, 1936, Apr Average, Algeria, DZA
25.4992, 1936, May Average, Algeria, DZA
30.0271, 1936, Jun Average, Algeria, DZA
31.7002, 1936, Jul Average, Algeria, DZA
31.3855, 1936, Aug Average, Algeria, DZA
29.1353, 1936, Sep Average, Algeria, DZA
21.7238, 1936, Oct Average, Algeria, DZA
16.8911, 1936, Nov Average, Algeria, DZA
12.1756, 1936, Dec Average, Algeria, DZA
12.6187, 1937, Jan Average, Algeria, DZA
15.9833, 1937, Feb Average, Algeria, DZA
18.4396, 1937, Mar Average, Algeria, DZA
23.4943, 1937, Apr Average, Algeria, DZA
26.7839, 1937, May Average, Algeria, DZA
31.2866, 1937, Jun Average, Algeria, DZA
32.8447, 1937, Jul Average, Algeria, DZA
32.3265, 1937, Aug Average, Algeria, DZA
28.5079, 1937, Sep Average, Algeria, DZA
23.5455, 1937, Oct Average, Algeria, DZA
19.3124, 1937, Nov Average, Algeria, DZA
12.731, 1937, Dec Average, Algeria, DZA
11.8158, 1938, Jan Average, Algeria, DZA
14.0255, 1938, Feb Average, Algeria, DZA
17.4053, 1938, Mar Average, Algeria, DZA
21.7869, 1938, Apr Average, Algeria, DZA
26.0811, 1938, May Average, Algeria, DZA
32.877, 1938, Jun Average, Algeria, DZA
32.9271, 1938, Jul Average, Algeria, DZA
31.7508, 1938, Aug Average, Algeria, DZA
27.9979, 1938, Sep Average, Algeria, DZA
24.1174, 1938, Oct Average, Algeria, DZA
18.6969, 1938, Nov Average, Algeria, DZA
12.4246, 1938, Dec Average, Algeria, DZA
13.2074, 1939, Jan Average, Algeria, DZA
14.4825, 1939, Feb Average, Algeria, DZA
17.1514, 1939, Mar Average, Algeria, DZA
21.0132, 1939, Apr Average, Algeria, DZA
24.9802, 1939, May Average, Algeria, DZA
30.0876, 1939, Jun Average, Algeria, DZA
32.5178, 1939, Jul Average, Algeria, DZA
31.2386, 1939, Aug Average, Algeria, DZA
28.5698, 1939, Sep Average, Algeria, DZA
23.8381, 1939, Oct Average, Algeria, DZA
17.89, 1939, Nov Average, Algeria, DZA
13.816, 1939, Dec Average, Algeria, DZA
12.5124, 1940, Jan Average, Algeria, DZA
16.1486, 1940, Feb Average, Algeria, DZA
19.6013, 1940, Mar Average, Algeria, DZA
22.7555, 1940, Apr Average, Algeria, DZA
26.5988, 1940, May Average, Algeria, DZA
29.8423, 1940, Jun Average, Algeria, DZA
32.1202, 1940, Jul Average, Algeria, DZA
32.2899, 1940, Aug Average, Algeria, DZA
28.9858, 1940, Sep Average, Algeria, DZA
23.004, 1940, Oct Average, Algeria, DZA
17.1426, 1940, Nov Average, Algeria, DZA
11.7182, 1940, Dec Average, Algeria, DZA
13.0318, 1941, Jan Average, Algeria, DZA
15.8236, 1941, Feb Average, Algeria, DZA
19.0166, 1941, Mar Average, Algeria, DZA
22.3792, 1941, Apr Average, Algeria, DZA
25.7937, 1941, May Average, Algeria, DZA
30.6273, 1941, Jun Average, Algeria, DZA
32.3519, 1941, Jul Average, Algeria, DZA
32.4541, 1941, Aug Average, Algeria, DZA
28.6128, 1941, Sep Average, Algeria, DZA
23.6279, 1941, Oct Average, Algeria, DZA
17.8003, 1941, Nov Average, Algeria, DZA
12.7635, 1941, Dec Average, Algeria, DZA
11.3441, 1942, Jan Average, Algeria, DZA
13.6394, 1942, Feb Average, Algeria, DZA
19.3675, 1942, Mar Average, Algeria, DZA
23.023, 1942, Apr Average, Algeria, DZA
27.7429, 1942, May Average, Algeria, DZA
31.6239, 1942, Jun Average, Algeria, DZA
32.9742, 1942, Jul Average, Algeria, DZA
31.6437, 1942, Aug Average, Algeria, DZA
29.2178, 1942, Sep Average, Algeria, DZA
24.8586, 1942, Oct Average, Algeria, DZA
18.4311, 1942, Nov Average, Algeria, DZA
13.9016, 1942, Dec Average, Algeria, DZA
12.9231, 1943, Jan Average, Algeria, DZA
14.2381, 1943, Feb Average, Algeria, DZA
17.9999, 1943, Mar Average, Algeria, DZA
22.9892, 1943, Apr Average, Algeria, DZA
27.1417, 1943, May Average, Algeria, DZA
31.6954, 1943, Jun Average, Algeria, DZA
32.5814, 1943, Jul Average, Algeria, DZA
31.6197, 1943, Aug Average, Algeria, DZA
28.7473, 1943, Sep Average, Algeria, DZA
23.2861, 1943, Oct Average, Algeria, DZA
16.9511, 1943, Nov Average, Algeria, DZA
13.5765, 1943, Dec Average, Algeria, DZA
11.4246, 1944, Jan Average, Algeria, DZA
13.3242, 1944, Feb Average, Algeria, DZA
17.0392, 1944, Mar Average, Algeria, DZA
22.7979, 1944, Apr Average, Algeria, DZA
27.639, 1944, May Average, Algeria, DZA
31.1292, 1944, Jun Average, Algeria, DZA
32.9079, 1944, Jul Average, Algeria, DZA
32.192, 1944, Aug Average, Algeria, DZA
28.9198, 1944, Sep Average, Algeria, DZA
23.1189, 1944, Oct Average, Algeria, DZA
17.8153, 1944, Nov Average, Algeria, DZA
12.8318, 1944, Dec Average, Algeria, DZA
10.5475, 1945, Jan Average, Algeria, DZA
14.294, 1945, Feb Average, Algeria, DZA
17.3393, 1945, Mar Average, Algeria, DZA
23.3745, 1945, Apr Average, Algeria, DZA
27.4986, 1945, May Average, Algeria, DZA
31.8142, 1945, Jun Average, Algeria, DZA
33.2347, 1945, Jul Average, Algeria, DZA
32.0934, 1945, Aug Average, Algeria, DZA
29.2844, 1945, Sep Average, Algeria, DZA
23.5581, 1945, Oct Average, Algeria, DZA
18.7549, 1945, Nov Average, Algeria, DZA
13.6492, 1945, Dec Average, Algeria, DZA
12.3776, 1946, Jan Average, Algeria, DZA
14.6746, 1946, Feb Average, Algeria, DZA
18.2031, 1946, Mar Average, Algeria, DZA
22.4029, 1946, Apr Average, Algeria, DZA
26.0256, 1946, May Average, Algeria, DZA
31.0867, 1946, Jun Average, Algeria, DZA
33.0624, 1946, Jul Average, Algeria, DZA
32.4343, 1946, Aug Average, Algeria, DZA
29.4297, 1946, Sep Average, Algeria, DZA
24.2921, 1946, Oct Average, Algeria, DZA
18.1897, 1946, Nov Average, Algeria, DZA
11.8539, 1946, Dec Average, Algeria, DZA
12.0091, 1947, Jan Average, Algeria, DZA
16.5767, 1947, Feb Average, Algeria, DZA
20.1139, 1947, Mar Average, Algeria, DZA
22.2741, 1947, Apr Average, Algeria, DZA
26.3412, 1947, May Average, Algeria, DZA
31.6449, 1947, Jun Average, Algeria, DZA
33.0426, 1947, Jul Average, Algeria, DZA
32.6099, 1947, Aug Average, Algeria, DZA
29.4077, 1947, Sep Average, Algeria, DZA
23.5818, 1947, Oct Average, Algeria, DZA
17.9515, 1947, Nov Average, Algeria, DZA
12.9482, 1947, Dec Average, Algeria, DZA
12.2795, 1948, Jan Average, Algeria, DZA
15.719, 1948, Feb Average, Algeria, DZA
17.8179, 1948, Mar Average, Algeria, DZA
22.3212, 1948, Apr Average, Algeria, DZA
27.073, 1948, May Average, Algeria, DZA
31.1441, 1948, Jun Average, Algeria, DZA
32.1924, 1948, Jul Average, Algeria, DZA
32.3643, 1948, Aug Average, Algeria, DZA
28.6306, 1948, Sep Average, Algeria, DZA
23.5858, 1948, Oct Average, Algeria, DZA
17.5629, 1948, Nov Average, Algeria, DZA
13.2624, 1948, Dec Average, Algeria, DZA
12.0055, 1949, Jan Average, Algeria, DZA
13.993, 1949, Feb Average, Algeria, DZA
17.4572, 1949, Mar Average, Algeria, DZA
23.096, 1949, Apr Average, Algeria, DZA
26.3604, 1949, May Average, Algeria, DZA
31.41, 1949, Jun Average, Algeria, DZA
32.856, 1949, Jul Average, Algeria, DZA
32.3592, 1949, Aug Average, Algeria, DZA
29.0241, 1949, Sep Average, Algeria, DZA
24.2107, 1949, Oct Average, Algeria, DZA
18.2354, 1949, Nov Average, Algeria, DZA
14.3884, 1949, Dec Average, Algeria, DZA
11.7406, 1950, Jan Average, Algeria, DZA
14.7299, 1950, Feb Average, Algeria, DZA
17.6024, 1950, Mar Average, Algeria, DZA
21.3517, 1950, Apr Average, Algeria, DZA
26.2641, 1950, May Average, Algeria, DZA
31.4782, 1950, Jun Average, Algeria, DZA
32.9179, 1950, Jul Average, Algeria, DZA
31.647, 1950, Aug Average, Algeria, DZA
28.7127, 1950, Sep Average, Algeria, DZA
23.2649, 1950, Oct Average, Algeria, DZA
18.1454, 1950, Nov Average, Algeria, DZA
12.66, 1950, Dec Average, Algeria, DZA
11.7817, 1951, Jan Average, Algeria, DZA
15.0645, 1951, Feb Average, Algeria, DZA
19.3507, 1951, Mar Average, Algeria, DZA
22.471, 1951, Apr Average, Algeria, DZA
25.9271, 1951, May Average, Algeria, DZA
31.4875, 1951, Jun Average, Algeria, DZA
32.7216, 1951, Jul Average, Algeria, DZA
32.3492, 1951, Aug Average, Algeria, DZA
28.7024, 1951, Sep Average, Algeria, DZA
22.284, 1951, Oct Average, Algeria, DZA
17.908, 1951, Nov Average, Algeria, DZA
13.0374, 1951, Dec Average, Algeria, DZA
11.1105, 1952, Jan Average, Algeria, DZA
13.6397, 1952, Feb Average, Algeria, DZA
19.4501, 1952, Mar Average, Algeria, DZA
21.8531, 1952, Apr Average, Algeria, DZA
26.3846, 1952, May Average, Algeria, DZA
32.1641, 1952, Jun Average, Algeria, DZA
32.9212, 1952, Jul Average, Algeria, DZA
31.8036, 1952, Aug Average, Algeria, DZA
28.3125, 1952, Sep Average, Algeria, DZA
24.2291, 1952, Oct Average, Algeria, DZA
17.9361, 1952, Nov Average, Algeria, DZA
12.9853, 1952, Dec Average, Algeria, DZA
11.1416, 1953, Jan Average, Algeria, DZA
13.9604, 1953, Feb Average, Algeria, DZA
16.805, 1953, Mar Average, Algeria, DZA
22.8375, 1953, Apr Average, Algeria, DZA
27.21, 1953, May Average, Algeria, DZA
30.2518, 1953, Jun Average, Algeria, DZA
32.5337, 1953, Jul Average, Algeria, DZA
31.71, 1953, Aug Average, Algeria, DZA
28.4638, 1953, Sep Average, Algeria, DZA
23.3944, 1953, Oct Average, Algeria, DZA
18.1409, 1953, Nov Average, Algeria, DZA
13.8083, 1953, Dec Average, Algeria, DZA
11.1468, 1954, Jan Average, Algeria, DZA
13.3783, 1954, Feb Average, Algeria, DZA
18.0511, 1954, Mar Average, Algeria, DZA
20.9961, 1954, Apr Average, Algeria, DZA
26.4424, 1954, May Average, Algeria, DZA
30.9284, 1954, Jun Average, Algeria, DZA
31.8029, 1954, Jul Average, Algeria, DZA
30.8242, 1954, Aug Average, Algeria, DZA
28.6717, 1954, Sep Average, Algeria, DZA
23.0332, 1954, Oct Average, Algeria, DZA
18.1856, 1954, Nov Average, Algeria, DZA
13.3198, 1954, Dec Average, Algeria, DZA
14.3062, 1955, Jan Average, Algeria, DZA
16.2934, 1955, Feb Average, Algeria, DZA
17.9072, 1955, Mar Average, Algeria, DZA
22.0463, 1955, Apr Average, Algeria, DZA
27.5454, 1955, May Average, Algeria, DZA
31.223, 1955, Jun Average, Algeria, DZA
33.0415, 1955, Jul Average, Algeria, DZA
32.0807, 1955, Aug Average, Algeria, DZA
28.7157, 1955, Sep Average, Algeria, DZA
23.4369, 1955, Oct Average, Algeria, DZA
18.6551, 1955, Nov Average, Algeria, DZA
14.0966, 1955, Dec Average, Algeria, DZA
12.7559, 1956, Jan Average, Algeria, DZA
13.3161, 1956, Feb Average, Algeria, DZA
17.4, 1956, Mar Average, Algeria, DZA
21.8524, 1956, Apr Average, Algeria, DZA
26.3321, 1956, May Average, Algeria, DZA
30.1904, 1956, Jun Average, Algeria, DZA
31.7807, 1956, Jul Average, Algeria, DZA
31.4702, 1956, Aug Average, Algeria, DZA
28.5734, 1956, Sep Average, Algeria, DZA
22.9286, 1956, Oct Average, Algeria, DZA
16.5806, 1956, Nov Average, Algeria, DZA
11.7373, 1956, Dec Average, Algeria, DZA
10.7412, 1957, Jan Average, Algeria, DZA
15.5959, 1957, Feb Average, Algeria, DZA
18.6228, 1957, Mar Average, Algeria, DZA
21.136, 1957, Apr Average, Algeria, DZA
25.4488, 1957, May Average, Algeria, DZA
30.1555, 1957, Jun Average, Algeria, DZA
32.0406, 1957, Jul Average, Algeria, DZA
32.0288, 1957, Aug Average, Algeria, DZA
29.0069, 1957, Sep Average, Algeria, DZA
22.7569, 1957, Oct Average, Algeria, DZA
17.0301, 1957, Nov Average, Algeria, DZA
12.5364, 1957, Dec Average, Algeria, DZA
12.5133, 1958, Jan Average, Algeria, DZA
15.8839, 1958, Feb Average, Algeria, DZA
18.6596, 1958, Mar Average, Algeria, DZA
22.0575, 1958, Apr Average, Algeria, DZA
27.2092, 1958, May Average, Algeria, DZA
30.974, 1958, Jun Average, Algeria, DZA
31.5732, 1958, Jul Average, Algeria, DZA
31.6815, 1958, Aug Average, Algeria, DZA
29.2469, 1958, Sep Average, Algeria, DZA
23.331, 1958, Oct Average, Algeria, DZA
17.0998, 1958, Nov Average, Algeria, DZA
14.6173, 1958, Dec Average, Algeria, DZA
12.8972, 1959, Jan Average, Algeria, DZA
14.3467, 1959, Feb Average, Algeria, DZA
19.1272, 1959, Mar Average, Algeria, DZA
22.3728, 1959, Apr Average, Algeria, DZA
26.3594, 1959, May Average, Algeria, DZA
30.9649, 1959, Jun Average, Algeria, DZA
32.6216, 1959, Jul Average, Algeria, DZA
31.6424, 1959, Aug Average, Algeria, DZA
28.8246, 1959, Sep Average, Algeria, DZA
23.1861, 1959, Oct Average, Algeria, DZA
17.4974, 1959, Nov Average, Algeria, DZA
13.2599, 1959, Dec Average, Algeria, DZA
11.997, 1960, Jan Average, Algeria, DZA
16.2542, 1960, Feb Average, Algeria, DZA
18.5272, 1960, Mar Average, Algeria, DZA
21.4451, 1960, Apr Average, Algeria, DZA
26.3649, 1960, May Average, Algeria, DZA
31.0915, 1960, Jun Average, Algeria, DZA
31.9707, 1960, Jul Average, Algeria, DZA
32.4234, 1960, Aug Average, Algeria, DZA
28.2638, 1960, Sep Average, Algeria, DZA
23.5842, 1960, Oct Average, Algeria, DZA
18.4782, 1960, Nov Average, Algeria, DZA
12.1638, 1960, Dec Average, Algeria, DZA
11.3273, 1961, Jan Average, Algeria, DZA
14.8065, 1961, Feb Average, Algeria, DZA
17.6368, 1961, Mar Average, Algeria, DZA
23.0749, 1961, Apr Average, Algeria, DZA
28.1311, 1961, May Average, Algeria, DZA
30.8597, 1961, Jun Average, Algeria, DZA
32.8581, 1961, Jul Average, Algeria, DZA
31.2297, 1961, Aug Average, Algeria, DZA
29.0917, 1961, Sep Average, Algeria, DZA
23.1397, 1961, Oct Average, Algeria, DZA
18.1795, 1961, Nov Average, Algeria, DZA
13.5272, 1961, Dec Average, Algeria, DZA
12.7263, 1962, Jan Average, Algeria, DZA
13.2628, 1962, Feb Average, Algeria, DZA
17.6823, 1962, Mar Average, Algeria, DZA
22.0074, 1962, Apr Average, Algeria, DZA
27.1896, 1962, May Average, Algeria, DZA
30.1832, 1962, Jun Average, Algeria, DZA
32.63, 1962, Jul Average, Algeria, DZA
32.0171, 1962, Aug Average, Algeria, DZA
29.336, 1962, Sep Average, Algeria, DZA
24.0729, 1962, Oct Average, Algeria, DZA
16.8764, 1962, Nov Average, Algeria, DZA
12.3891, 1962, Dec Average, Algeria, DZA
13.5216, 1963, Jan Average, Algeria, DZA
15.3063, 1963, Feb Average, Algeria, DZA
17.3994, 1963, Mar Average, Algeria, DZA
22.0083, 1963, Apr Average, Algeria, DZA
24.6561, 1963, May Average, Algeria, DZA
30.123, 1963, Jun Average, Algeria, DZA
32.6186, 1963, Jul Average, Algeria, DZA
31.9821, 1963, Aug Average, Algeria, DZA
28.2701, 1963, Sep Average, Algeria, DZA
22.6575, 1963, Oct Average, Algeria, DZA
18.0278, 1963, Nov Average, Algeria, DZA
14.3069, 1963, Dec Average, Algeria, DZA
11.8319, 1964, Jan Average, Algeria, DZA
15.1561, 1964, Feb Average, Algeria, DZA
19.3419, 1964, Mar Average, Algeria, DZA
21.3747, 1964, Apr Average, Algeria, DZA
27.5244, 1964, May Average, Algeria, DZA
31.0539, 1964, Jun Average, Algeria, DZA
32.3364, 1964, Jul Average, Algeria, DZA
31.5491, 1964, Aug Average, Algeria, DZA
29.0026, 1964, Sep Average, Algeria, DZA
23.0013, 1964, Oct Average, Algeria, DZA
16.6982, 1964, Nov Average, Algeria, DZA
12.688, 1964, Dec Average, Algeria, DZA
12.1461, 1965, Jan Average, Algeria, DZA
13.7861, 1965, Feb Average, Algeria, DZA
18.1498, 1965, Mar Average, Algeria, DZA
20.6101, 1965, Apr Average, Algeria, DZA
26.9473, 1965, May Average, Algeria, DZA
30.8758, 1965, Jun Average, Algeria, DZA
32.7202, 1965, Jul Average, Algeria, DZA
31.2479, 1965, Aug Average, Algeria, DZA
27.5357, 1965, Sep Average, Algeria, DZA
24.1654, 1965, Oct Average, Algeria, DZA
17.648, 1965, Nov Average, Algeria, DZA
13.167, 1965, Dec Average, Algeria, DZA
13.8968, 1966, Jan Average, Algeria, DZA
16.5218, 1966, Feb Average, Algeria, DZA
16.9593, 1966, Mar Average, Algeria, DZA
22.5736, 1966, Apr Average, Algeria, DZA
26.176, 1966, May Average, Algeria, DZA
31.0987, 1966, Jun Average, Algeria, DZA
32.2662, 1966, Jul Average, Algeria, DZA
32.3063, 1966, Aug Average, Algeria, DZA
28.453, 1966, Sep Average, Algeria, DZA
23.621, 1966, Oct Average, Algeria, DZA
16.2694, 1966, Nov Average, Algeria, DZA
12.4667, 1966, Dec Average, Algeria, DZA
11.2598, 1967, Jan Average, Algeria, DZA
14.7924, 1967, Feb Average, Algeria, DZA
18.0197, 1967, Mar Average, Algeria, DZA
21.7727, 1967, Apr Average, Algeria, DZA
26.8125, 1967, May Average, Algeria, DZA
29.8787, 1967, Jun Average, Algeria, DZA
32.6679, 1967, Jul Average, Algeria, DZA
32.0433, 1967, Aug Average, Algeria, DZA
28.4626, 1967, Sep Average, Algeria, DZA
23.705, 1967, Oct Average, Algeria, DZA
17.7877, 1967, Nov Average, Algeria, DZA
11.4904, 1967, Dec Average, Algeria, DZA
11.1771, 1968, Jan Average, Algeria, DZA
15.3833, 1968, Feb Average, Algeria, DZA
17.7726, 1968, Mar Average, Algeria, DZA
22.4173, 1968, Apr Average, Algeria, DZA
26.3007, 1968, May Average, Algeria, DZA
30.1507, 1968, Jun Average, Algeria, DZA
32.6686, 1968, Jul Average, Algeria, DZA
31.8954, 1968, Aug Average, Algeria, DZA
28.9264, 1968, Sep Average, Algeria, DZA
23.3867, 1968, Oct Average, Algeria, DZA
18.0767, 1968, Nov Average, Algeria, DZA
13.5313, 1968, Dec Average, Algeria, DZA
13.2292, 1969, Jan Average, Algeria, DZA
15.9079, 1969, Feb Average, Algeria, DZA
19.6435, 1969, Mar Average, Algeria, DZA
21.3025, 1969, Apr Average, Algeria, DZA
26.7302, 1969, May Average, Algeria, DZA
30.3352, 1969, Jun Average, Algeria, DZA
31.6294, 1969, Jul Average, Algeria, DZA
31.6035, 1969, Aug Average, Algeria, DZA
28.1802, 1969, Sep Average, Algeria, DZA
22.8283, 1969, Oct Average, Algeria, DZA
18.1463, 1969, Nov Average, Algeria, DZA
12.3048, 1969, Dec Average, Algeria, DZA
14.041, 1970, Jan Average, Algeria, DZA
15.0751, 1970, Feb Average, Algeria, DZA
17.5072, 1970, Mar Average, Algeria, DZA
21.8377, 1970, Apr Average, Algeria, DZA
25.9706, 1970, May Average, Algeria, DZA
30.9566, 1970, Jun Average, Algeria, DZA
32.4891, 1970, Jul Average, Algeria, DZA
32.225, 1970, Aug Average, Algeria, DZA
28.8858, 1970, Sep Average, Algeria, DZA
22.7909, 1970, Oct Average, Algeria, DZA
17.5275, 1970, Nov Average, Algeria, DZA
12.6733, 1970, Dec Average, Algeria, DZA
12.1714, 1971, Jan Average, Algeria, DZA
14.4632, 1971, Feb Average, Algeria, DZA
17.3694, 1971, Mar Average, Algeria, DZA
21.9508, 1971, Apr Average, Algeria, DZA
25.4383, 1971, May Average, Algeria, DZA
30.1797, 1971, Jun Average, Algeria, DZA
32.014, 1971, Jul Average, Algeria, DZA
32.2261, 1971, Aug Average, Algeria, DZA
28.3726, 1971, Sep Average, Algeria, DZA
22.5635, 1971, Oct Average, Algeria, DZA
16.0996, 1971, Nov Average, Algeria, DZA
12.9052, 1971, Dec Average, Algeria, DZA
11.8779, 1972, Jan Average, Algeria, DZA
15.1604, 1972, Feb Average, Algeria, DZA
17.8271, 1972, Mar Average, Algeria, DZA
21.0611, 1972, Apr Average, Algeria, DZA
24.7566, 1972, May Average, Algeria, DZA
29.9413, 1972, Jun Average, Algeria, DZA
32.2963, 1972, Jul Average, Algeria, DZA
31.2588, 1972, Aug Average, Algeria, DZA
28.322, 1972, Sep Average, Algeria, DZA
23.3476, 1972, Oct Average, Algeria, DZA
17.6165, 1972, Nov Average, Algeria, DZA
12.4249, 1972, Dec Average, Algeria, DZA
11.4944, 1973, Jan Average, Algeria, DZA
13.4601, 1973, Feb Average, Algeria, DZA
16.5431, 1973, Mar Average, Algeria, DZA
21.6384, 1973, Apr Average, Algeria, DZA
27.7463, 1973, May Average, Algeria, DZA
31.084, 1973, Jun Average, Algeria, DZA
32.7047, 1973, Jul Average, Algeria, DZA
32.036, 1973, Aug Average, Algeria, DZA
29.1827, 1973, Sep Average, Algeria, DZA
23.0453, 1973, Oct Average, Algeria, DZA
17.1962, 1973, Nov Average, Algeria, DZA
12.3473, 1973, Dec Average, Algeria, DZA
12.1599, 1974, Jan Average, Algeria, DZA
13.8166, 1974, Feb Average, Algeria, DZA
17.7478, 1974, Mar Average, Algeria, DZA
20.7767, 1974, Apr Average, Algeria, DZA
27.1926, 1974, May Average, Algeria, DZA
30.7764, 1974, Jun Average, Algeria, DZA
31.7991, 1974, Jul Average, Algeria, DZA
31.5488, 1974, Aug Average, Algeria, DZA
28.6526, 1974, Sep Average, Algeria, DZA
21.5212, 1974, Oct Average, Algeria, DZA
16.4914, 1974, Nov Average, Algeria, DZA
12.0299, 1974, Dec Average, Algeria, DZA
11.5838, 1975, Jan Average, Algeria, DZA
14.1865, 1975, Feb Average, Algeria, DZA
17.1904, 1975, Mar Average, Algeria, DZA
21.8703, 1975, Apr Average, Algeria, DZA
25.4363, 1975, May Average, Algeria, DZA
30.2213, 1975, Jun Average, Algeria, DZA
32.7032, 1975, Jul Average, Algeria, DZA
32.0769, 1975, Aug Average, Algeria, DZA
28.041, 1975, Sep Average, Algeria, DZA
22.8577, 1975, Oct Average, Algeria, DZA
16.3314, 1975, Nov Average, Algeria, DZA
13.4233, 1975, Dec Average, Algeria, DZA
10.9939, 1976, Jan Average, Algeria, DZA
13.8993, 1976, Feb Average, Algeria, DZA
16.1512, 1976, Mar Average, Algeria, DZA
20.6377, 1976, Apr Average, Algeria, DZA
25.742, 1976, May Average, Algeria, DZA
30.4181, 1976, Jun Average, Algeria, DZA
32.4068, 1976, Jul Average, Algeria, DZA
31.9752, 1976, Aug Average, Algeria, DZA
28.2131, 1976, Sep Average, Algeria, DZA
22.7235, 1976, Oct Average, Algeria, DZA
16.1136, 1976, Nov Average, Algeria, DZA
13.8693, 1976, Dec Average, Algeria, DZA
13.2603, 1977, Jan Average, Algeria, DZA
15.71, 1977, Feb Average, Algeria, DZA
18.4902, 1977, Mar Average, Algeria, DZA
22.5065, 1977, Apr Average, Algeria, DZA
26.1425, 1977, May Average, Algeria, DZA
30.3267, 1977, Jun Average, Algeria, DZA
32.0444, 1977, Jul Average, Algeria, DZA
30.9306, 1977, Aug Average, Algeria, DZA
28.0499, 1977, Sep Average, Algeria, DZA
23.58, 1977, Oct Average, Algeria, DZA
17.1517, 1977, Nov Average, Algeria, DZA
13.7831, 1977, Dec Average, Algeria, DZA
12.3108, 1978, Jan Average, Algeria, DZA
16.6038, 1978, Feb Average, Algeria, DZA
18.4142, 1978, Mar Average, Algeria, DZA
21.9183, 1978, Apr Average, Algeria, DZA
26.1611, 1978, May Average, Algeria, DZA
29.9932, 1978, Jun Average, Algeria, DZA
32.1605, 1978, Jul Average, Algeria, DZA
31.7568, 1978, Aug Average, Algeria, DZA
28.2227, 1978, Sep Average, Algeria, DZA
22.4163, 1978, Oct Average, Algeria, DZA
16.7758, 1978, Nov Average, Algeria, DZA
14.7719, 1978, Dec Average, Algeria, DZA
14.9923, 1979, Jan Average, Algeria, DZA
15.1827, 1979, Feb Average, Algeria, DZA
18.3875, 1979, Mar Average, Algeria, DZA
21.017, 1979, Apr Average, Algeria, DZA
26.2201, 1979, May Average, Algeria, DZA
31.2049, 1979, Jun Average, Algeria, DZA
32.6999, 1979, Jul Average, Algeria, DZA
32.378, 1979, Aug Average, Algeria, DZA
28.7355, 1979, Sep Average, Algeria, DZA
23.9822, 1979, Oct Average, Algeria, DZA
16.632, 1979, Nov Average, Algeria, DZA
12.8418, 1979, Dec Average, Algeria, DZA
12.8363, 1980, Jan Average, Algeria, DZA
15.4817, 1980, Feb Average, Algeria, DZA
18.09, 1980, Mar Average, Algeria, DZA
21.9489, 1980, Apr Average, Algeria, DZA
26.1083, 1980, May Average, Algeria, DZA
31.0448, 1980, Jun Average, Algeria, DZA
31.8259, 1980, Jul Average, Algeria, DZA
32.2626, 1980, Aug Average, Algeria, DZA
29.2481, 1980, Sep Average, Algeria, DZA
23.2176, 1980, Oct Average, Algeria, DZA
18.0269, 1980, Nov Average, Algeria, DZA
11.2281, 1980, Dec Average, Algeria, DZA
10.2983, 1981, Jan Average, Algeria, DZA
14.0619, 1981, Feb Average, Algeria, DZA
19.6658, 1981, Mar Average, Algeria, DZA
22.7394, 1981, Apr Average, Algeria, DZA
26.8323, 1981, May Average, Algeria, DZA
31.1226, 1981, Jun Average, Algeria, DZA
31.896, 1981, Jul Average, Algeria, DZA
31.5525, 1981, Aug Average, Algeria, DZA
29.14, 1981, Sep Average, Algeria, DZA
24.4268, 1981, Oct Average, Algeria, DZA
17.2862, 1981, Nov Average, Algeria, DZA
14.5025, 1981, Dec Average, Algeria, DZA
12.7001, 1982, Jan Average, Algeria, DZA
14.4809, 1982, Feb Average, Algeria, DZA
18.1672, 1982, Mar Average, Algeria, DZA
22.4002, 1982, Apr Average, Algeria, DZA
26.4291, 1982, May Average, Algeria, DZA
32.5023, 1982, Jun Average, Algeria, DZA
34.112, 1982, Jul Average, Algeria, DZA
32.1459, 1982, Aug Average, Algeria, DZA
29.379, 1982, Sep Average, Algeria, DZA
23.3187, 1982, Oct Average, Algeria, DZA
16.4825, 1982, Nov Average, Algeria, DZA
11.7738, 1982, Dec Average, Algeria, DZA
10.8416, 1983, Jan Average, Algeria, DZA
14.3748, 1983, Feb Average, Algeria, DZA
18.2809, 1983, Mar Average, Algeria, DZA
22.8776, 1983, Apr Average, Algeria, DZA
27.2498, 1983, May Average, Algeria, DZA
31.6718, 1983, Jun Average, Algeria, DZA
33.4375, 1983, Jul Average, Algeria, DZA
32.1268, 1983, Aug Average, Algeria, DZA
29.5273, 1983, Sep Average, Algeria, DZA
23.5639, 1983, Oct Average, Algeria, DZA
19.0762, 1983, Nov Average, Algeria, DZA
13.219, 1983, Dec Average, Algeria, DZA
11.7899, 1984, Jan Average, Algeria, DZA
13.6704, 1984, Feb Average, Algeria, DZA
17.6361, 1984, Mar Average, Algeria, DZA
23.0691, 1984, Apr Average, Algeria, DZA
25.5829, 1984, May Average, Algeria, DZA
30.7751, 1984, Jun Average, Algeria, DZA
33.3776, 1984, Jul Average, Algeria, DZA
32.3076, 1984, Aug Average, Algeria, DZA
29.313, 1984, Sep Average, Algeria, DZA
22.5447, 1984, Oct Average, Algeria, DZA
17.8572, 1984, Nov Average, Algeria, DZA
12.7709, 1984, Dec Average, Algeria, DZA
11.6366, 1985, Jan Average, Algeria, DZA
16.1204, 1985, Feb Average, Algeria, DZA
17.6448, 1985, Mar Average, Algeria, DZA
22.1355, 1985, Apr Average, Algeria, DZA
25.9575, 1985, May Average, Algeria, DZA
31.9365, 1985, Jun Average, Algeria, DZA
32.9186, 1985, Jul Average, Algeria, DZA
32.2922, 1985, Aug Average, Algeria, DZA
28.9039, 1985, Sep Average, Algeria, DZA
23.6014, 1985, Oct Average, Algeria, DZA
18.6397, 1985, Nov Average, Algeria, DZA
12.8318, 1985, Dec Average, Algeria, DZA
11.6555, 1986, Jan Average, Algeria, DZA
15.0525, 1986, Feb Average, Algeria, DZA
17.6224, 1986, Mar Average, Algeria, DZA
22.2621, 1986, Apr Average, Algeria, DZA
27.632, 1986, May Average, Algeria, DZA
31.0349, 1986, Jun Average, Algeria, DZA
32.4871, 1986, Jul Average, Algeria, DZA
32.9128, 1986, Aug Average, Algeria, DZA
29.1193, 1986, Sep Average, Algeria, DZA
23.5764, 1986, Oct Average, Algeria, DZA
16.7903, 1986, Nov Average, Algeria, DZA
11.7452, 1986, Dec Average, Algeria, DZA
12.2442, 1987, Jan Average, Algeria, DZA
15.1383, 1987, Feb Average, Algeria, DZA
18.3515, 1987, Mar Average, Algeria, DZA
22.8078, 1987, Apr Average, Algeria, DZA
27.1009, 1987, May Average, Algeria, DZA
31.5011, 1987, Jun Average, Algeria, DZA
33.4496, 1987, Jul Average, Algeria, DZA
33.0889, 1987, Aug Average, Algeria, DZA
30.1579, 1987, Sep Average, Algeria, DZA
24.5236, 1987, Oct Average, Algeria, DZA
17.6398, 1987, Nov Average, Algeria, DZA
14.7297, 1987, Dec Average, Algeria, DZA
12.9706, 1988, Jan Average, Algeria, DZA
14.9092, 1988, Feb Average, Algeria, DZA
18.4972, 1988, Mar Average, Algeria, DZA
23.4144, 1988, Apr Average, Algeria, DZA
27.3802, 1988, May Average, Algeria, DZA
31.1779, 1988, Jun Average, Algeria, DZA
33.0336, 1988, Jul Average, Algeria, DZA
33.0161, 1988, Aug Average, Algeria, DZA
28.7503, 1988, Sep Average, Algeria, DZA
24.291, 1988, Oct Average, Algeria, DZA
17.9084, 1988, Nov Average, Algeria, DZA
11.3985, 1988, Dec Average, Algeria, DZA
11.3507, 1989, Jan Average, Algeria, DZA
14.0746, 1989, Feb Average, Algeria, DZA
18.4561, 1989, Mar Average, Algeria, DZA
21.8357, 1989, Apr Average, Algeria, DZA
26.7298, 1989, May Average, Algeria, DZA
31.2915, 1989, Jun Average, Algeria, DZA
33.2793, 1989, Jul Average, Algeria, DZA
32.6706, 1989, Aug Average, Algeria, DZA
29.9997, 1989, Sep Average, Algeria, DZA
24.367, 1989, Oct Average, Algeria, DZA
18.5291, 1989, Nov Average, Algeria, DZA
15.3185, 1989, Dec Average, Algeria, DZA
12.3732, 1990, Jan Average, Algeria, DZA
16.0801, 1990, Feb Average, Algeria, DZA
18.9214, 1990, Mar Average, Algeria, DZA
22.3917, 1990, Apr Average, Algeria, DZA
26.9925, 1990, May Average, Algeria, DZA
32.1414, 1990, Jun Average, Algeria, DZA
32.7935, 1990, Jul Average, Algeria, DZA
32.7218, 1990, Aug Average, Algeria, DZA
30.9229, 1990, Sep Average, Algeria, DZA
24.94, 1990, Oct Average, Algeria, DZA
18.1446, 1990, Nov Average, Algeria, DZA
12.6912, 1990, Dec Average, Algeria, DZA
11.1664, 1991, Jan Average, Algeria, DZA
14.174, 1991, Feb Average, Algeria, DZA
18.5296, 1991, Mar Average, Algeria, DZA
21.4247, 1991, Apr Average, Algeria, DZA
24.9652, 1991, May Average, Algeria, DZA
31.3115, 1991, Jun Average, Algeria, DZA
32.8771, 1991, Jul Average, Algeria, DZA
32.8113, 1991, Aug Average, Algeria, DZA
29.8762, 1991, Sep Average, Algeria, DZA
23.2806, 1991, Oct Average, Algeria, DZA
17.289, 1991, Nov Average, Algeria, DZA
12.4559, 1991, Dec Average, Algeria, DZA
11.1832, 1992, Jan Average, Algeria, DZA
14.2108, 1992, Feb Average, Algeria, DZA
17.6241, 1992, Mar Average, Algeria, DZA
22.0823, 1992, Apr Average, Algeria, DZA
26.2802, 1992, May Average, Algeria, DZA
30.199, 1992, Jun Average, Algeria, DZA
32.0305, 1992, Jul Average, Algeria, DZA
32.4091, 1992, Aug Average, Algeria, DZA
29.2854, 1992, Sep Average, Algeria, DZA
23.5152, 1992, Oct Average, Algeria, DZA
17.0743, 1992, Nov Average, Algeria, DZA
13.4084, 1992, Dec Average, Algeria, DZA
11.1081, 1993, Jan Average, Algeria, DZA
14.0828, 1993, Feb Average, Algeria, DZA
18.1451, 1993, Mar Average, Algeria, DZA
22.3345, 1993, Apr Average, Algeria, DZA
26.7201, 1993, May Average, Algeria, DZA
31.8372, 1993, Jun Average, Algeria, DZA
32.9739, 1993, Jul Average, Algeria, DZA
32.6232, 1993, Aug Average, Algeria, DZA
28.9556, 1993, Sep Average, Algeria, DZA
24.2347, 1993, Oct Average, Algeria, DZA
17.8684, 1993, Nov Average, Algeria, DZA
13.0249, 1993, Dec Average, Algeria, DZA
12.0745, 1994, Jan Average, Algeria, DZA
14.8165, 1994, Feb Average, Algeria, DZA
19.302, 1994, Mar Average, Algeria, DZA
22.0102, 1994, Apr Average, Algeria, DZA
27.9264, 1994, May Average, Algeria, DZA
31.7786, 1994, Jun Average, Algeria, DZA
33.6073, 1994, Jul Average, Algeria, DZA
33.3842, 1994, Aug Average, Algeria, DZA
28.6614, 1994, Sep Average, Algeria, DZA
23.7645, 1994, Oct Average, Algeria, DZA
18.4605, 1994, Nov Average, Algeria, DZA
13.2334, 1994, Dec Average, Algeria, DZA
11.1928, 1995, Jan Average, Algeria, DZA
15.4927, 1995, Feb Average, Algeria, DZA
18.3813, 1995, Mar Average, Algeria, DZA
22.146, 1995, Apr Average, Algeria, DZA
28.2134, 1995, May Average, Algeria, DZA
31.6549, 1995, Jun Average, Algeria, DZA
33.2127, 1995, Jul Average, Algeria, DZA
32.9244, 1995, Aug Average, Algeria, DZA
29.172, 1995, Sep Average, Algeria, DZA
24.3437, 1995, Oct Average, Algeria, DZA
18.4391, 1995, Nov Average, Algeria, DZA
15.1626, 1995, Dec Average, Algeria, DZA
14.3581, 1996, Jan Average, Algeria, DZA
14.7635, 1996, Feb Average, Algeria, DZA
18.3245, 1996, Mar Average, Algeria, DZA
22.3024, 1996, Apr Average, Algeria, DZA
26.9665, 1996, May Average, Algeria, DZA
31.1014, 1996, Jun Average, Algeria, DZA
32.8561, 1996, Jul Average, Algeria, DZA
32.44, 1996, Aug Average, Algeria, DZA
28.8549, 1996, Sep Average, Algeria, DZA
23.0623, 1996, Oct Average, Algeria, DZA
17.6697, 1996, Nov Average, Algeria, DZA
14.5081, 1996, Dec Average, Algeria, DZA
14.0072, 1997, Jan Average, Algeria, DZA
15.3666, 1997, Feb Average, Algeria, DZA
18.0956, 1997, Mar Average, Algeria, DZA
22.3766, 1997, Apr Average, Algeria, DZA
27.5145, 1997, May Average, Algeria, DZA
32.3161, 1997, Jun Average, Algeria, DZA
32.7512, 1997, Jul Average, Algeria, DZA
32.2839, 1997, Aug Average, Algeria, DZA
29.7485, 1997, Sep Average, Algeria, DZA
24.6577, 1997, Oct Average, Algeria, DZA
18.7613, 1997, Nov Average, Algeria, DZA
14.0274, 1997, Dec Average, Algeria, DZA
12.9891, 1998, Jan Average, Algeria, DZA
16.1383, 1998, Feb Average, Algeria, DZA
17.9956, 1998, Mar Average, Algeria, DZA
23.5586, 1998, Apr Average, Algeria, DZA
26.9485, 1998, May Average, Algeria, DZA
32.1976, 1998, Jun Average, Algeria, DZA
33.6834, 1998, Jul Average, Algeria, DZA
32.9381, 1998, Aug Average, Algeria, DZA
30.1132, 1998, Sep Average, Algeria, DZA
23.5631, 1998, Oct Average, Algeria, DZA
17.4184, 1998, Nov Average, Algeria, DZA
12.6356, 1998, Dec Average, Algeria, DZA
12.6813, 1999, Jan Average, Algeria, DZA
13.3294, 1999, Feb Average, Algeria, DZA
18.7936, 1999, Mar Average, Algeria, DZA
23.3104, 1999, Apr Average, Algeria, DZA
28.5548, 1999, May Average, Algeria, DZA
32.4687, 1999, Jun Average, Algeria, DZA
33.1247, 1999, Jul Average, Algeria, DZA
32.9976, 1999, Aug Average, Algeria, DZA
30.1933, 1999, Sep Average, Algeria, DZA
25.4926, 1999, Oct Average, Algeria, DZA
17.5964, 1999, Nov Average, Algeria, DZA
13.1401, 1999, Dec Average, Algeria, DZA
11.7786, 2000, Jan Average, Algeria, DZA
14.6378, 2000, Feb Average, Algeria, DZA
19.1744, 2000, Mar Average, Algeria, DZA
23.8403, 2000, Apr Average, Algeria, DZA
28.4119, 2000, May Average, Algeria, DZA
31.8338, 2000, Jun Average, Algeria, DZA
33.3473, 2000, Jul Average, Algeria, DZA
32.9954, 2000, Aug Average, Algeria, DZA
29.4739, 2000, Sep Average, Algeria, DZA
22.9341, 2000, Oct Average, Algeria, DZA
18.1415, 2000, Nov Average, Algeria, DZA
14.1928, 2000, Dec Average, Algeria, DZA
13.037, 2001, Jan Average, Algeria, DZA
15.2565, 2001, Feb Average, Algeria, DZA
20.9783, 2001, Mar Average, Algeria, DZA
23.0912, 2001, Apr Average, Algeria, DZA
27.2967, 2001, May Average, Algeria, DZA
32.2739, 2001, Jun Average, Algeria, DZA
33.5414, 2001, Jul Average, Algeria, DZA
32.9527, 2001, Aug Average, Algeria, DZA
29.61, 2001, Sep Average, Algeria, DZA
25.5958, 2001, Oct Average, Algeria, DZA
17.8696, 2001, Nov Average, Algeria, DZA
13.915, 2001, Dec Average, Algeria, DZA
12.0584, 2002, Jan Average, Algeria, DZA
15.1233, 2002, Feb Average, Algeria, DZA
19.2653, 2002, Mar Average, Algeria, DZA
22.9667, 2002, Apr Average, Algeria, DZA
26.7106, 2002, May Average, Algeria, DZA
32.1782, 2002, Jun Average, Algeria, DZA
33.5513, 2002, Jul Average, Algeria, DZA
32.257, 2002, Aug Average, Algeria, DZA
29.8869, 2002, Sep Average, Algeria, DZA
24.4873, 2002, Oct Average, Algeria, DZA
18.3259, 2002, Nov Average, Algeria, DZA
15.0179, 2002, Dec Average, Algeria, DZA
12.5118, 2003, Jan Average, Algeria, DZA
14.4976, 2003, Feb Average, Algeria, DZA
18.7409, 2003, Mar Average, Algeria, DZA
23.2493, 2003, Apr Average, Algeria, DZA
27.9582, 2003, May Average, Algeria, DZA
32.8364, 2003, Jun Average, Algeria, DZA
34.2124, 2003, Jul Average, Algeria, DZA
33.577, 2003, Aug Average, Algeria, DZA
29.93, 2003, Sep Average, Algeria, DZA
25.1403, 2003, Oct Average, Algeria, DZA
18.6085, 2003, Nov Average, Algeria, DZA
13.2458, 2003, Dec Average, Algeria, DZA
12.8691, 2004, Jan Average, Algeria, DZA
15.9633, 2004, Feb Average, Algeria, DZA
18.2125, 2004, Mar Average, Algeria, DZA
23.0225, 2004, Apr Average, Algeria, DZA
25.8702, 2004, May Average, Algeria, DZA
32.0013, 2004, Jun Average, Algeria, DZA
33.1128, 2004, Jul Average, Algeria, DZA
33.4755, 2004, Aug Average, Algeria, DZA
29.3061, 2004, Sep Average, Algeria, DZA
25.8717, 2004, Oct Average, Algeria, DZA
17.1639, 2004, Nov Average, Algeria, DZA
13.7019, 2004, Dec Average, Algeria, DZA
10.678, 2005, Jan Average, Algeria, DZA
13.5419, 2005, Feb Average, Algeria, DZA
19.3424, 2005, Mar Average, Algeria, DZA
23.6244, 2005, Apr Average, Algeria, DZA
28.8164, 2005, May Average, Algeria, DZA
32.3984, 2005, Jun Average, Algeria, DZA
33.8359, 2005, Jul Average, Algeria, DZA
32.7857, 2005, Aug Average, Algeria, DZA
29.4876, 2005, Sep Average, Algeria, DZA
25.4245, 2005, Oct Average, Algeria, DZA
17.9567, 2005, Nov Average, Algeria, DZA
13.0669, 2005, Dec Average, Algeria, DZA
11.8836, 2006, Jan Average, Algeria, DZA
14.4338, 2006, Feb Average, Algeria, DZA
19.2859, 2006, Mar Average, Algeria, DZA
24.1151, 2006, Apr Average, Algeria, DZA
28.6566, 2006, May Average, Algeria, DZA
32.2134, 2006, Jun Average, Algeria, DZA
34.1625, 2006, Jul Average, Algeria, DZA
32.7759, 2006, Aug Average, Algeria, DZA
29.2902, 2006, Sep Average, Algeria, DZA
25.7458, 2006, Oct Average, Algeria, DZA
18.3552, 2006, Nov Average, Algeria, DZA
13.1238, 2006, Dec Average, Algeria, DZA
12.8288, 2007, Jan Average, Algeria, DZA
16.349, 2007, Feb Average, Algeria, DZA
18.2455, 2007, Mar Average, Algeria, DZA
22.9068, 2007, Apr Average, Algeria, DZA
27.3848, 2007, May Average, Algeria, DZA
32.1702, 2007, Jun Average, Algeria, DZA
33.3844, 2007, Jul Average, Algeria, DZA
32.7287, 2007, Aug Average, Algeria, DZA
29.9891, 2007, Sep Average, Algeria, DZA
24.5466, 2007, Oct Average, Algeria, DZA
17.6975, 2007, Nov Average, Algeria, DZA
13.043, 2007, Dec Average, Algeria, DZA
12.1388, 2008, Jan Average, Algeria, DZA
14.781, 2008, Feb Average, Algeria, DZA
18.9717, 2008, Mar Average, Algeria, DZA
23.5877, 2008, Apr Average, Algeria, DZA
27.4819, 2008, May Average, Algeria, DZA
31.9563, 2008, Jun Average, Algeria, DZA
33.868, 2008, Jul Average, Algeria, DZA
32.9329, 2008, Aug Average, Algeria, DZA
30.0507, 2008, Sep Average, Algeria, DZA
23.9556, 2008, Oct Average, Algeria, DZA
16.8912, 2008, Nov Average, Algeria, DZA
12.7721, 2008, Dec Average, Algeria, DZA
12.4003, 2009, Jan Average, Algeria, DZA
15.1775, 2009, Feb Average, Algeria, DZA
19.2832, 2009, Mar Average, Algeria, DZA
22.3923, 2009, Apr Average, Algeria, DZA
27.7638, 2009, May Average, Algeria, DZA
32.568, 2009, Jun Average, Algeria, DZA
34.6643, 2009, Jul Average, Algeria, DZA
33.4058, 2009, Aug Average, Algeria, DZA
28.5779, 2009, Sep Average, Algeria, DZA
24.7722, 2009, Oct Average, Algeria, DZA
18.6566, 2009, Nov Average, Algeria, DZA
15.4972, 2009, Dec Average, Algeria, DZA
13.9467, 2010, Jan Average, Algeria, DZA
17.1882, 2010, Feb Average, Algeria, DZA
19.9406, 2010, Mar Average, Algeria, DZA
24.1926, 2010, Apr Average, Algeria, DZA
27.4351, 2010, May Average, Algeria, DZA
31.6958, 2010, Jun Average, Algeria, DZA
33.9105, 2010, Jul Average, Algeria, DZA
33.0558, 2010, Aug Average, Algeria, DZA
29.8647, 2010, Sep Average, Algeria, DZA
24.2364, 2010, Oct Average, Algeria, DZA
18.7191, 2010, Nov Average, Algeria, DZA
14.8436, 2010, Dec Average, Algeria, DZA
13.2785, 2011, Jan Average, Algeria, DZA
14.6538, 2011, Feb Average, Algeria, DZA
19.3183, 2011, Mar Average, Algeria, DZA
24.2536, 2011, Apr Average, Algeria, DZA
27.5689, 2011, May Average, Algeria, DZA
32.0004, 2011, Jun Average, Algeria, DZA
33.7258, 2011, Jul Average, Algeria, DZA
33.1877, 2011, Aug Average, Algeria, DZA
30.1676, 2011, Sep Average, Algeria, DZA
24.023, 2011, Oct Average, Algeria, DZA
18.4628, 2011, Nov Average, Algeria, DZA
13.103, 2011, Dec Average, Algeria, DZA
11.733, 2012, Jan Average, Algeria, DZA
12.9974, 2012, Feb Average, Algeria, DZA
18.1757, 2012, Mar Average, Algeria, DZA
22.8553, 2012, Apr Average, Algeria, DZA
28.3733, 2012, May Average, Algeria, DZA
33.2507, 2012, Jun Average, Algeria, DZA
34.0298, 2012, Jul Average, Algeria, DZA
34.0136, 2012, Aug Average, Algeria, DZA
29.7117, 2012, Sep Average, Algeria, DZA
25.3464, 2012, Oct Average, Algeria, DZA
19.2915, 2012, Nov Average, Algeria, DZA
13.8001, 2012, Dec Average, Algeria, DZA
12.888, 2013, Jan Average, Algeria, DZA
14.0359, 2013, Feb Average, Algeria, DZA
20.1167, 2013, Mar Average, Algeria, DZA
23.3954, 2013, Apr Average, Algeria, DZA
27.1043, 2013, May Average, Algeria, DZA
31.2633, 2013, Jun Average, Algeria, DZA
33.1998, 2013, Jul Average, Algeria, DZA
32.544, 2013, Aug Average, Algeria, DZA
29.3438, 2013, Sep Average, Algeria, DZA
25.4222, 2013, Oct Average, Algeria, DZA
17.6029, 2013, Nov Average, Algeria, DZA
13.063, 2013, Dec Average, Algeria, DZA
13.6113, 2014, Jan Average, Algeria, DZA
15.6127, 2014, Feb Average, Algeria, DZA
18.3467, 2014, Mar Average, Algeria, DZA
24.0039, 2014, Apr Average, Algeria, DZA
28.0714, 2014, May Average, Algeria, DZA
32.1331, 2014, Jun Average, Algeria, DZA
33.2939, 2014, Jul Average, Algeria, DZA
32.979, 2014, Aug Average, Algeria, DZA
30.4613, 2014, Sep Average, Algeria, DZA
25.5539, 2014, Oct Average, Algeria, DZA
19.121, 2014, Nov Average, Algeria, DZA
13.3388, 2014, Dec Average, Algeria, DZA
11.9915, 2015, Jan Average, Algeria, DZA
13.9552, 2015, Feb Average, Algeria, DZA
18.5038, 2015, Mar Average, Algeria, DZA
23.2579, 2015, Apr Average, Algeria, DZA
29.123, 2015, May Average, Algeria, DZA
32.5963, 2015, Jun Average, Algeria, DZA
34.4067, 2015, Jul Average, Algeria, DZA
33.0873, 2015, Aug Average, Algeria, DZA
29.8771, 2015, Sep Average, Algeria, DZA
25.4931, 2015, Oct Average, Algeria, DZA
18.1591, 2015, Nov Average, Algeria, DZA
13.4315, 2015, Dec Average, Algeria, DZA
13.9205, 2016, Jan Average, Algeria, DZA
15.9855, 2016, Feb Average, Algeria, DZA
18.7271, 2016, Mar Average, Algeria, DZA
24.2388, 2016, Apr Average, Algeria, DZA
27.9899, 2016, May Average, Algeria, DZA
32.3907, 2016, Jun Average, Algeria, DZA
33.7691, 2016, Jul Average, Algeria, DZA
32.9445, 2016, Aug Average, Algeria, DZA
30.1748, 2016, Sep Average, Algeria, DZA
25.9141, 2016, Oct Average, Algeria, DZA
18.4015, 2016, Nov Average, Algeria, DZA
14.3483, 2016, Dec Average, Algeria, DZA
